model_name,split,actual,predicted,actual_category,predicted_category
linear_regression,test,4.866666666666666,4.877292315614673,high,high
linear_regression,test,4.8,4.390114779840859,high,high
linear_regression,test,5.733333333333333,3.8368892923923066,high,high
linear_regression,test,4.733333333333333,4.130282343713417,high,high
linear_regression,test,6.4,3.70030799349233,high,high
linear_regression,test,6.4,4.809740901562085,high,high
linear_regression,test,5.4,4.464909427105969,high,high
linear_regression,test,4.866666666666666,4.200545687262484,high,high
linear_regression,test,6.8,3.305575453620045,high,high
linear_regression,test,5.133333333333334,4.177600780201461,high,high
linear_regression,test,5.133333333333334,3.511264375040444,high,high
linear_regression,test,6.466666666666667,3.4311107215070216,high,high
linear_regression,test,5.466666666666667,2.967957832332354,high,moderate
linear_regression,test,3.8,3.2365157556793864,high,moderate
linear_regression,test,4.533333333333333,2.029021044436793,high,low
linear_regression,test,5.866666666666666,1.6335631772668937,high,low
linear_regression,test,5.2,2.6597121925820293,high,moderate
linear_regression,test,3.333333333333333,3.0937193658602182,high,moderate
linear_regression,test,3.333333333333333,1.7903245053074404,high,low
linear_regression,test,4.466666666666667,0.9401218748054704,high,low
linear_regression,test,5.8,1.0856779888548882,high,low
linear_regression,test,5.666666666666667,2.8335559004538364,high,moderate
linear_regression,test,3.533333333333333,3.865729386444384,high,high
linear_regression,test,0.6666666666666666,3.208478424671376,low,moderate
linear_regression,test,0.8,1.2820395917782452,low,low
linear_regression,test,0.6666666666666666,1.0318222481528778,low,low
linear_regression,test,0.5333333333333333,0.4290963300327721,low,low
linear_regression,test,1.7333333333333334,1.4674463475716086,low,low
linear_regression,test,0.9333333333333332,1.477778323750433,low,low
linear_regression,test,0.6,0.5260618252997737,low,low
linear_regression,test,1.8,0.1990713382039075,low,low
linear_regression,test,2.066666666666667,0.1775818594058957,low,low
linear_regression,test,0.2,0.8693825824912143,low,low
linear_regression,test,0.8,0.1613564894877246,low,low
linear_regression,test,1.2666666666666666,-0.4610186757316805,low,low
linear_regression,test,2.466666666666667,-0.5877257744358397,moderate,low
linear_regression,test,2.7333333333333334,1.068137705515812,moderate,low
linear_regression,test,3.1333333333333333,1.1065464046018274,moderate,low
linear_regression,test,2.2,1.496561443023507,low,low
linear_regression,test,4.133333333333334,0.3824443942510029,high,low
linear_regression,test,4.266666666666667,0.9817988416205116,high,low
linear_regression,test,4.133333333333334,1.4048428947583638,high,low
linear_regression,test,4.0,2.0699317333816856,high,low
linear_regression,test,1.5333333333333334,2.528108349120153,low,moderate
linear_regression,test,3.2,1.659630618068496,moderate,low
linear_regression,test,2.933333333333333,2.110500521848874,moderate,low
linear_regression,test,2.466666666666667,3.1242039901424614,moderate,moderate
linear_regression,test,1.933333333333333,2.6048348179366583,low,moderate
linear_regression,test,2.2,1.5006713829360745,low,low
linear_regression,test,2.4,1.931495479288192,low,low
linear_regression,test,1.0666666666666669,1.7232878784510095,low,low
linear_regression,test,1.0,0.7302166142077091,low,low
linear_regression,test,3.533333333333333,0.18695098256135,high,low
linear_regression,test,3.6,1.1526972670205469,high,low
linear_regression,test,2.7333333333333334,1.899384367440469,moderate,low
linear_regression,test,2.333333333333333,2.6261932087594584,low,moderate
linear_regression,test,3.6,0.9898483859975028,high,low
linear_regression,test,3.733333333333333,1.840082111701553,high,low
linear_regression,test,2.2,1.8950385562897176,low,low
linear_regression,test,2.8,0.989349157772013,moderate,low
linear_regression,test,3.066666666666667,0.3374871707593376,moderate,low
linear_regression,test,4.6,0.3550803465959893,high,low
linear_regression,test,2.6153846153846154,2.204979071059465,moderate,low
linear_regression,test,0.0,0.8626462820916885,low,low
linear_regression,test,0.6666666666666666,0.3780006612463511,low,low
linear_regression,test,1.0,0.4080938764997146,low,low
linear_regression,test,0.5333333333333333,1.0197347628867792,low,low
linear_regression,test,0.2,0.8103115465255746,low,low
linear_regression,test,0.2,0.2140156940673057,low,low
linear_regression,test,0.3333333333333333,0.0198999132175945,low,low
linear_regression,test,0.3333333333333333,-0.0261492850046458,low,low
linear_regression,test,0.0,-0.0363256741734492,low,low
linear_regression,test,0.3333333333333333,-0.4934174106247919,low,low
linear_regression,test,1.7333333333333334,-0.4048877532556236,low,low
linear_regression,test,1.2,0.4375046640458713,low,low
linear_regression,test,0.0666666666666666,0.5946065259812325,low,low
linear_regression,test,0.8,-0.3537383669416893,low,low
linear_regression,test,1.3333333333333333,-0.9545386160933144,low,low
linear_regression,test,0.2,-0.5489122451362674,low,low
linear_regression,test,0.1333333333333333,-0.5880126863920534,low,low
linear_regression,test,1.2,-1.2585618505251803,low,low
linear_regression,test,0.4666666666666667,-1.0625421520773948,low,low
linear_regression,test,1.4,-0.9517748453596236,low,low
linear_regression,test,0.0,0.3128398714439697,low,low
linear_regression,test,0.0,0.5034318101894488,low,low
linear_regression,test,0.2,0.3328371657393676,low,low
linear_regression,test,0.3333333333333333,0.1723741113215835,low,low
linear_regression,test,0.0666666666666666,0.1989641705151488,low,low
linear_regression,test,0.0,0.0438034318570412,low,low
linear_regression,test,0.2,-0.2806138745115962,low,low
linear_regression,test,0.0666666666666666,-0.2776344482183539,low,low
linear_regression,test,0.0,-0.3414973061661994,low,low
linear_regression,test,0.1333333333333333,-0.498596402521505,low,low
linear_regression,test,0.4,-0.6698980510558084,low,low
linear_regression,test,0.2666666666666666,-0.5292009200134125,low,low
linear_regression,test,0.2666666666666666,-0.5732257739542383,low,low
linear_regression,test,0.3333333333333333,-0.7404418108486528,low,low
linear_regression,test,0.6666666666666666,-0.9379457666395652,low,low
linear_regression,test,0.3333333333333333,-0.7150680699908065,low,low
linear_regression,test,0.0,-0.9946749579117622,low,low
linear_regression,test,0.5333333333333333,-1.4122828448097238,low,low
linear_regression,test,0.1333333333333333,-1.3121429053042526,low,low
linear_regression,test,0.2666666666666666,-1.468643083428022,low,low
linear_regression,test,3.866666666666666,2.9291133319973945,high,moderate
linear_regression,test,3.466666666666667,3.0097736241362263,high,moderate
linear_regression,test,4.0,3.0263564787962625,high,moderate
linear_regression,test,3.933333333333333,3.150505355347573,high,moderate
linear_regression,test,3.6,2.8663325954028207,high,moderate
linear_regression,test,2.6666666666666665,2.63099543453383,moderate,moderate
linear_regression,test,3.533333333333333,1.802376039396702,high,low
linear_regression,test,3.2666666666666666,2.024400746290372,high,low
linear_regression,test,3.733333333333333,2.1655273898814835,high,low
linear_regression,test,4.0,2.527761501589007,high,moderate
linear_regression,test,4.333333333333333,2.202586981658137,high,low
linear_regression,test,4.466666666666667,2.543579356537744,high,moderate
linear_regression,test,4.466666666666667,2.691940128406547,high,moderate
linear_regression,test,4.533333333333333,2.343984457111703,high,low
linear_regression,test,3.866666666666666,2.184412648744712,high,low
linear_regression,test,3.733333333333333,1.6405683437069327,high,low
linear_regression,test,3.733333333333333,1.506660569808612,high,low
linear_regression,test,4.4,1.2641208907974324,high,low
linear_regression,test,4.2,1.611579048012913,high,low
linear_regression,test,4.6,1.3387083527969752,high,low
linear_regression,test,4.875,1.8035713151575017,high,low
linear_regression,test,7.133333333333334,6.015769360202032,high,high
linear_regression,test,7.533333333333333,6.029711193853197,high,high
linear_regression,test,8.666666666666666,6.18864690757956,high,high
linear_regression,test,8.266666666666667,6.535760945108251,high,high
linear_regression,test,7.333333333333333,6.640917587793201,high,high
linear_regression,test,7.266666666666667,5.876395672188716,high,high
linear_regression,test,7.8,4.868547730875976,high,high
linear_regression,test,7.333333333333333,5.179938779645216,high,high
linear_regression,test,8.0,5.529763476366088,high,high
linear_regression,test,7.6,5.605259177395066,high,high
linear_regression,test,8.533333333333333,5.065119195227711,high,high
linear_regression,test,9.066666666666666,5.752454299397495,high,high
linear_regression,test,7.666666666666667,5.935554688241439,high,high
linear_regression,test,7.466666666666667,5.15335856817382,high,high
linear_regression,test,8.666666666666666,4.174339971329846,high,high
linear_regression,test,7.466666666666667,4.56099000320188,high,high
linear_regression,test,7.8,4.746165395615179,high,high
linear_regression,test,8.466666666666667,4.641363867777061,high,high
linear_regression,test,8.266666666666667,4.218424114131788,high,high
linear_regression,test,7.533333333333333,4.805506409058204,high,high
linear_regression,test,7.727272727272727,4.155399885537781,high,high
linear_regression,test,7.133333333333334,5.079416455504823,high,high
linear_regression,test,7.866666666666666,5.584009502822134,high,high
linear_regression,test,7.066666666666666,5.866810250812575,high,high
linear_regression,test,6.333333333333333,5.52914258560842,high,high
linear_regression,test,7.2,5.065332058944214,high,high
linear_regression,test,7.6,4.893773748498526,high,high
linear_regression,test,6.466666666666667,5.246431877070993,high,high
linear_regression,test,6.6,4.6370301619046295,high,high
linear_regression,test,7.866666666666666,4.263117332949207,high,high
linear_regression,test,7.0,4.663340863302979,high,high
linear_regression,test,6.866666666666666,4.729018737404422,high,high
linear_regression,test,6.2,4.557560097463739,high,high
linear_regression,test,7.8,3.2591526043626944,high,high
linear_regression,test,8.6,4.243619433067005,high,high
linear_regression,test,6.533333333333333,5.025559224336884,high,high
linear_regression,test,8.066666666666666,4.340484488134703,high,high
linear_regression,test,7.933333333333334,3.9072662384026096,high,high
linear_regression,test,6.733333333333333,3.6535799679896246,high,high
linear_regression,test,6.2,3.939410189890289,high,high
linear_regression,test,7.333333333333333,2.489194236618796,high,moderate
linear_regression,test,7.133333333333334,2.799396519907208,high,moderate
linear_regression,test,8.6,3.445876940332965,high,high
linear_regression,test,8.5,4.278778267487096,high,high
linear_regression,test,1.8666666666666667,1.6506187353193909,low,low
linear_regression,test,1.2,1.1127649425273018,low,low
linear_regression,test,1.0666666666666669,1.362020000925784,low,low
linear_regression,test,0.0,0.6633719676970067,low,low
linear_regression,test,1.0,-0.3848020409998911,low,low
linear_regression,test,1.0,0.2598711958557755,low,low
linear_regression,test,1.4,0.5222677304612713,low,low
linear_regression,test,2.8,0.990569282569382,moderate,low
linear_regression,test,1.4666666666666666,1.6828778816204188,low,low
linear_regression,test,1.0,0.8468163049522524,low,low
linear_regression,test,0.7333333333333333,0.0190041945143235,low,low
linear_regression,test,0.7333333333333333,-0.812957163010438,low,low
linear_regression,test,1.1333333333333333,-0.6573782619122932,low,low
linear_regression,test,1.5333333333333334,-0.0186595414698249,low,low
linear_regression,test,0.6,-0.1685356773421702,low,low
linear_regression,test,1.0666666666666669,-0.7299252199193402,low,low
linear_regression,test,1.0666666666666669,-1.0232064463754167,low,low
linear_regression,test,0.8,-1.323238551744459,low,low
linear_regression,test,0.2,-1.2653434676594395,low,low
linear_regression,test,0.6,-1.9036037972176043,low,low
linear_regression,test,0.8,-1.8560663984310943,low,low
linear_regression,test,0.8666666666666667,-1.6922511726550082,low,low
linear_regression,test,2.1666666666666665,-1.6074970048624806,low,low
linear_regression,test,1.1333333333333333,0.8402289145416848,low,low
linear_regression,test,0.2666666666666666,0.5224484352533558,low,low
linear_regression,test,0.2666666666666666,0.6160445112968533,low,low
linear_regression,test,0.0666666666666666,0.441878754022424,low,low
linear_regression,test,0.3333333333333333,-0.4258543418134577,low,low
linear_regression,test,0.1333333333333333,-0.0897957940365135,low,low
linear_regression,test,1.3333333333333333,-0.1126597382387304,low,low
linear_regression,test,1.1333333333333333,0.5098306189626012,low,low
linear_regression,test,0.5333333333333333,0.450332791952003,low,low
linear_regression,test,0.4,0.0148612230965436,low,low
linear_regression,test,0.1333333333333333,-0.697286476497279,low,low
linear_regression,test,0.4666666666666667,-0.8007580338784601,low,low
linear_regression,test,0.2666666666666666,-0.5902664267432929,low,low
linear_regression,test,0.2666666666666666,-0.979886665042894,low,low
linear_regression,test,0.2666666666666666,-1.2000213402324942,low,low
linear_regression,test,0.2,-1.5020656985196936,low,low
linear_regression,test,0.2666666666666666,-1.4903290635187876,low,low
linear_regression,test,0.2,-1.6381489047660711,low,low
linear_regression,test,0.3333333333333333,-1.8842273245611525,low,low
linear_regression,test,0.0,-1.9216245160949912,low,low
linear_regression,test,0.2666666666666666,-2.2327954518039874,low,low
linear_regression,test,0.2,-2.1622697387033902,low,low
linear_regression,test,0.6,-2.445093416740564,low,low
linear_regression,test,2.466666666666667,1.1282859275723736,moderate,low
linear_regression,test,1.2,1.389977238781297,low,low
linear_regression,test,1.2,1.852472191528712,low,low
linear_regression,test,0.3333333333333333,1.437604849759433,low,low
linear_regression,test,1.0,-0.3808436048706314,low,low
linear_regression,test,0.8666666666666667,0.6014184716733109,low,low
linear_regression,test,0.4666666666666667,0.5332028736617715,low,low
linear_regression,test,1.1333333333333333,0.0971042441686815,low,low
linear_regression,test,0.9333333333333332,0.0758932334587978,low,low
linear_regression,test,0.8,-0.1457698752306946,low,low
linear_regression,test,1.6,-0.0627880089839578,low,low
linear_regression,test,0.2,0.0228232454360117,low,low
linear_regression,test,0.9333333333333332,-0.6555277838428326,low,low
linear_regression,test,1.1333333333333333,-0.2699073841367623,low,low
linear_regression,test,0.5333333333333333,-0.9443812338871708,low,low
linear_regression,test,0.7333333333333333,-0.859227679173955,low,low
linear_regression,test,0.2666666666666666,-1.2578002976229925,low,low
linear_regression,test,0.6666666666666666,-1.7266683834362695,low,low
linear_regression,test,0.8,-1.4726844212295245,low,low
linear_regression,test,0.9333333333333332,-1.5803698210022734,low,low
linear_regression,test,0.4666666666666667,-1.3972474425298955,low,low
linear_regression,test,1.1333333333333333,-1.822779737656816,low,low
linear_regression,test,0.75,-1.807214003406428,low,low
linear_regression,test,11.066666666666666,6.91432728061355,high,high
linear_regression,test,8.866666666666667,7.93462160471775,high,high
linear_regression,test,9.533333333333331,7.133765622351318,high,high
linear_regression,test,9.133333333333333,7.93542251106057,high,high
linear_regression,test,7.333333333333333,6.791705370728367,high,high
linear_regression,test,8.933333333333334,6.908412630085005,high,high
linear_regression,test,9.533333333333331,6.7172996284154,high,high
linear_regression,test,8.266666666666667,6.497142847139471,high,high
linear_regression,test,10.6,6.518744652330558,high,high
linear_regression,test,8.4,7.3987347683597156,high,high
linear_regression,test,7.533333333333333,6.108133009530726,high,high
linear_regression,test,8.133333333333333,6.227720494827512,high,high
linear_regression,test,6.8,4.508383307504423,high,high
linear_regression,test,8.333333333333334,4.248138179408984,high,high
linear_regression,test,9.533333333333331,5.571342122758823,high,high
linear_regression,test,7.466666666666667,5.319617035392171,high,high
linear_regression,test,6.8,5.211044170739139,high,high
linear_regression,test,6.333333333333333,3.815006493367668,high,high
linear_regression,test,7.733333333333333,2.801998900190287,high,moderate
linear_regression,test,8.4,4.020260109941481,high,high
linear_regression,test,8.4,4.852247366456195,high,high
linear_regression,test,7.230769230769231,5.0990282689922655,high,high
linear_regression,test,7.6,6.126783589565679,high,high
linear_regression,test,6.8,6.457106383792143,high,high
linear_regression,test,6.333333333333333,5.576704084497617,high,high
linear_regression,test,8.2,4.810106673522471,high,high
linear_regression,test,9.266666666666667,5.466716188831609,high,high
linear_regression,test,9.733333333333333,6.769725253969634,high,high
linear_regression,test,8.733333333333333,8.557615599767953,high,high
linear_regression,test,8.8,6.909065202866344,high,high
linear_regression,test,10.2,5.580074091163164,high,high
linear_regression,test,9.933333333333334,6.727830763257031,high,high
linear_regression,test,9.2,6.866097590362352,high,high
linear_regression,test,9.866666666666667,6.845813633442073,high,high
linear_regression,test,8.666666666666666,6.215173258300151,high,high
linear_regression,test,9.666666666666666,5.749759863791078,high,high
linear_regression,test,8.533333333333333,6.196832454276707,high,high
linear_regression,test,8.666666666666666,5.250072273836549,high,high
linear_regression,test,11.6,5.841597795324635,high,high
linear_regression,test,11.333333333333334,7.079163770110658,high,high
linear_regression,test,12.0,7.93933826421721,high,high
linear_regression,test,11.4,9.048992116274407,high,high
linear_regression,test,4.0,3.163321320121766,high,moderate
linear_regression,test,5.533333333333333,3.255050793921168,high,high
linear_regression,test,3.6666666666666665,4.569306572978338,high,high
linear_regression,test,4.333333333333333,3.9167633331031135,high,high
linear_regression,test,3.2,3.0536221861946102,moderate,moderate
linear_regression,test,5.466666666666667,1.821003830761133,high,low
linear_regression,test,5.466666666666667,3.3290966808768263,high,high
linear_regression,test,4.066666666666666,2.994932807459789,high,moderate
linear_regression,test,5.333333333333333,3.529764784672559,high,high
linear_regression,test,6.2,3.181210815393433,high,moderate
linear_regression,test,5.4,3.4317335389283903,high,high
linear_regression,test,5.0,4.161051542715489,high,high
linear_regression,test,3.533333333333333,3.2933809409110943,high,high
linear_regression,test,5.0,1.4836988466194607,high,low
linear_regression,test,4.066666666666666,2.320682672898044,high,low
linear_regression,test,5.066666666666666,2.285744004440364,high,low
linear_regression,test,5.8,2.7371602918413727,high,moderate
linear_regression,test,5.866666666666666,2.4434482835899347,high,moderate
linear_regression,test,6.066666666666666,3.3976626750765124,high,high
linear_regression,test,7.5,3.487694214222883,high,high
linear_regression,test,4.933333333333334,3.843885845550422,high,high
linear_regression,test,5.2,4.64521058938834,high,high
linear_regression,test,4.4,4.172226848942211,high,high
linear_regression,test,4.666666666666667,3.594810822602449,high,high
linear_regression,test,6.266666666666667,3.736880866445635,high,high
linear_regression,test,6.466666666666667,4.491898956660558,high,high
linear_regression,test,4.933333333333334,5.304361109506224,high,high
linear_regression,test,4.333333333333333,4.420154842480189,high,high
linear_regression,test,5.866666666666666,2.491341016511792,high,moderate
linear_regression,test,6.333333333333333,3.505540183538147,high,high
linear_regression,test,6.466666666666667,4.709077724962911,high,high
linear_regression,test,6.4,5.061400478084483,high,high
linear_regression,test,5.333333333333333,4.530824273343832,high,high
linear_regression,test,7.733333333333333,3.273986471841198,high,high
linear_regression,test,4.133333333333334,4.70751098553289,high,high
linear_regression,test,5.4,2.508502190486582,high,moderate
linear_regression,test,5.533333333333333,4.361698060442853,high,high
linear_regression,test,4.4,2.339093235970402,high,low
linear_regression,test,9.666666666666666,8.427830056806403,high,high
linear_regression,test,9.4,7.449192817661575,high,high
linear_regression,test,10.933333333333334,7.05998407391397,high,high
linear_regression,test,13.066666666666666,8.067873433613498,high,high
linear_regression,test,14.2,10.13793626140492,high,high
linear_regression,test,13.866666666666667,12.39717320323008,high,high
linear_regression,test,11.133333333333333,12.006206224818396,high,high
linear_regression,test,12.066666666666666,9.296451230966833,high,high
linear_regression,test,11.2,9.70568070707498,high,high
linear_regression,test,10.4,8.330348378962409,high,high
linear_regression,test,9.533333333333331,8.791127753440044,high,high
linear_regression,test,12.466666666666669,7.328650816152449,high,high
linear_regression,test,9.666666666666666,8.1658081134599,high,high
linear_regression,test,11.666666666666666,7.2898005367416605,high,high
linear_regression,test,11.066666666666666,9.058070557848952,high,high
linear_regression,test,9.666666666666666,7.391136983028614,high,high
linear_regression,test,10.909090909090908,8.190621832444053,high,high
linear_regression,test,5.2,6.436408629798651,high,high
linear_regression,test,7.2,4.095945260620795,high,high
linear_regression,test,5.6,4.898105100867429,high,high
linear_regression,test,5.333333333333333,4.7252249754688656,high,high
linear_regression,test,4.666666666666667,4.777217801853121,high,high
linear_regression,test,3.466666666666667,2.9825867492221594,high,moderate
linear_regression,test,5.933333333333334,2.759378776184633,high,moderate
linear_regression,test,7.133333333333334,4.570679008202127,high,high
linear_regression,test,7.6,5.320251542031196,high,high
linear_regression,test,4.533333333333333,7.280709976300878,high,high
linear_regression,test,6.6,4.706524109444254,high,high
linear_regression,test,5.933333333333334,4.6418127164030665,high,high
linear_regression,test,6.466666666666667,3.678595568360788,high,high
linear_regression,test,6.266666666666667,4.483465202044725,high,high
linear_regression,test,5.466666666666667,3.1289082849897323,high,moderate
linear_regression,test,4.4,3.505470428445716,high,high
linear_regression,test,4.769230769230769,2.7281772497447827,high,moderate
linear_regression,test,1.4,2.3028023551959693,low,low
linear_regression,test,1.6,1.2990126641659483,low,low
linear_regression,test,2.333333333333333,1.083887027490392,low,low
linear_regression,test,2.6,1.563540590962858,moderate,low
linear_regression,test,1.4,2.1840291062409056,low,low
linear_regression,test,2.2666666666666666,1.5557938821260686,low,low
linear_regression,test,1.3333333333333333,1.3579614071333117,low,low
linear_regression,test,2.0,0.5982239078278271,low,low
linear_regression,test,2.466666666666667,1.1272544922897811,moderate,low
linear_regression,test,1.6,1.099055904550327,low,low
linear_regression,test,2.1333333333333333,1.0490320714445112,low,low
linear_regression,test,2.0,1.1174828512480923,low,low
linear_regression,test,1.4,0.6116109619538932,low,low
linear_regression,test,2.333333333333333,0.7143237346503399,low,low
linear_regression,test,2.2666666666666666,0.7687713769371269,low,low
linear_regression,test,1.6,0.5954408994542808,low,low
linear_regression,test,1.7333333333333334,0.6753208577331256,low,low
linear_regression,test,0.3333333333333333,0.1581996660213791,low,low
linear_regression,test,6.133333333333334,4.749177606256024,high,high
linear_regression,test,5.266666666666667,3.5711156600429588,high,high
linear_regression,test,6.466666666666667,4.235098214355202,high,high
linear_regression,test,6.466666666666667,5.464076409926141,high,high
linear_regression,test,5.6,4.723527860052775,high,high
linear_regression,test,6.466666666666667,4.5337559265165055,high,high
linear_regression,test,7.533333333333333,4.640856046284098,high,high
linear_regression,test,7.066666666666666,5.175030968910017,high,high
linear_regression,test,7.733333333333333,5.924283366329917,high,high
linear_regression,test,9.866666666666667,6.047673098656514,high,high
linear_regression,test,9.066666666666666,7.042802193328659,high,high
linear_regression,test,7.733333333333333,7.46583767478764,high,high
linear_regression,test,9.133333333333333,5.973764342391534,high,high
linear_regression,test,9.466666666666669,5.018814635785205,high,high
linear_regression,test,9.6,5.9766090761001776,high,high
linear_regression,test,8.266666666666667,7.184169198269825,high,high
linear_regression,test,9.142857142857142,6.179394901660908,high,high
lstm,test,4.866666666666666,4.777522406313154,high,high
lstm,test,4.8,5.232067409571674,high,high
lstm,test,5.733333333333333,5.019173150344027,high,high
lstm,test,4.733333333333333,5.028080530961354,high,high
lstm,test,6.4,5.0932128985308935,high,high
lstm,test,6.4,5.539317495955362,high,high
lstm,test,5.4,5.254374137189653,high,high
lstm,test,4.866666666666666,4.742608014742534,high,high
lstm,test,6.8,4.089374158117507,high,high
lstm,test,5.133333333333334,4.475096922450596,high,high
lstm,test,5.133333333333334,5.129384791851044,high,high
lstm,test,6.466666666666667,5.492416631513172,high,high
lstm,test,5.466666666666667,5.295532499419319,high,high
lstm,test,3.8,5.485684927635724,high,high
lstm,test,4.533333333333333,5.174246698286798,high,high
lstm,test,5.866666666666666,5.635362243652344,high,high
lstm,test,5.2,6.921560748418172,high,high
lstm,test,3.333333333333333,6.819893193244933,high,high
lstm,test,3.333333333333333,5.560010242462158,high,high
lstm,test,4.466666666666667,5.282557842466567,high,high
lstm,test,5.8,6.173387569851345,high,high
lstm,test,5.666666666666667,6.744611056645711,high,high
lstm,test,3.533333333333333,3.293668450249566,high,high
lstm,test,0.6666666666666666,3.380744250946575,low,high
lstm,test,0.8,2.2580109026696946,low,low
lstm,test,0.6666666666666666,1.3352160255114234,low,low
lstm,test,0.5333333333333333,0.9989308542675442,low,low
lstm,test,1.7333333333333334,1.242293039957682,low,low
lstm,test,0.9333333333333332,1.1800252930985555,low,low
lstm,test,0.6,1.144772921005885,low,low
lstm,test,1.8,1.2174803369575076,low,low
lstm,test,2.066666666666667,1.2270772225326962,low,low
lstm,test,0.2,1.8336066299014624,low,low
lstm,test,0.8,2.1221464488241413,low,low
lstm,test,1.2666666666666666,1.6962221874131098,low,low
lstm,test,2.466666666666667,1.6542661044332716,moderate,low
lstm,test,2.7333333333333334,3.0444264120525784,moderate,moderate
lstm,test,3.1333333333333333,4.633236953947279,moderate,high
lstm,test,2.2,5.737676488028633,low,high
lstm,test,4.133333333333334,5.167479138904147,high,high
lstm,test,4.266666666666667,4.545205542776321,high,high
lstm,test,4.133333333333334,4.591413887341817,high,high
lstm,test,4.0,5.582857261763679,high,high
lstm,test,1.5333333333333334,2.9566698463012773,low,moderate
lstm,test,3.2,2.006323868367407,moderate,low
lstm,test,2.933333333333333,2.00766496145063,moderate,low
lstm,test,2.466666666666667,2.734572905633185,moderate,moderate
lstm,test,1.933333333333333,3.049999303619067,low,moderate
lstm,test,2.2,2.4671976533201008,low,moderate
lstm,test,2.4,2.135310415923596,low,low
lstm,test,1.0666666666666669,2.219169843362437,low,low
lstm,test,1.0,1.9305887491338785,low,low
lstm,test,3.533333333333333,1.6457744383149675,high,low
lstm,test,3.6,2.327673427263896,high,low
lstm,test,2.7333333333333334,3.851149243778652,moderate,high
lstm,test,2.333333333333333,5.463998275332981,low,high
lstm,test,3.6,4.265407376819187,high,high
lstm,test,3.733333333333333,3.058111973934704,high,moderate
lstm,test,2.2,3.3895390315188307,low,high
lstm,test,2.8,3.3325785504447096,moderate,high
lstm,test,3.066666666666667,3.118085155553288,moderate,moderate
lstm,test,4.6,3.1193998270564607,high,moderate
lstm,test,2.6153846153846154,4.555080204539829,moderate,high
lstm,test,0.0,0.4816447130507894,low,low
lstm,test,0.6666666666666666,0.2220314615302616,low,low
lstm,test,1.0,0.1867231898837618,low,low
lstm,test,0.5333333333333333,0.4658532250258657,low,low
lstm,test,0.2,0.6934414943059285,low,low
lstm,test,0.2,0.5546180354224312,low,low
lstm,test,0.3333333333333333,0.2586622200078434,low,low
lstm,test,0.3333333333333333,0.2509435374703672,low,low
lstm,test,0.0,0.3016539816641145,low,low
lstm,test,0.3333333333333333,0.2155951393975151,low,low
lstm,test,1.7333333333333334,0.2892267836464776,low,low
lstm,test,1.2,1.1500724964671667,low,low
lstm,test,0.0666666666666666,2.572111254268222,low,moderate
lstm,test,0.8,2.7604821920394897,low,moderate
lstm,test,1.3333333333333333,1.9575455003314544,low,low
lstm,test,0.2,2.096527679761251,low,low
lstm,test,0.1333333333333333,2.2674015627966986,low,low
lstm,test,1.2,1.9935127231809824,low,low
lstm,test,0.4666666666666667,2.2340025610393948,low,low
lstm,test,1.4,2.570811367034912,low,moderate
lstm,test,0.0,0.0321636042661135,low,low
lstm,test,0.0,-0.0410527547200521,low,low
lstm,test,0.2,-0.1137018935547935,low,low
lstm,test,0.3333333333333333,-0.0984928717215856,low,low
lstm,test,0.0666666666666666,0.0204428093300924,low,low
lstm,test,0.0,0.0715295344591139,low,low
lstm,test,0.2,0.0117641915877658,low,low
lstm,test,0.0666666666666666,-0.0189493543571896,low,low
lstm,test,0.0,0.0231416427426867,low,low
lstm,test,0.1333333333333333,0.0576840841107897,low,low
lstm,test,0.4,0.095023542890946,low,low
lstm,test,0.2666666666666666,0.3584607200490103,low,low
lstm,test,0.2666666666666666,0.7450779239336649,low,low
lstm,test,0.3333333333333333,1.0396451539463465,low,low
lstm,test,0.6666666666666666,1.1303146057658724,low,low
lstm,test,0.3333333333333333,1.4660346163643732,low,low
lstm,test,0.0,1.876251366403368,low,low
lstm,test,0.5333333333333333,1.8925110896428423,low,low
lstm,test,0.1333333333333333,1.9579115682178072,low,low
lstm,test,0.2666666666666666,2.101918829811944,low,low
lstm,test,3.866666666666666,3.706314568387137,high,high
lstm,test,3.466666666666667,3.624127406213019,high,high
lstm,test,4.0,3.695872408317195,high,high
lstm,test,3.933333333333333,3.866725938187704,high,high
lstm,test,3.6,3.737175825238228,high,high
lstm,test,2.6666666666666665,3.654280757572917,moderate,high
lstm,test,3.533333333333333,3.1086368799209594,high,moderate
lstm,test,3.2666666666666666,3.04261338810126,high,moderate
lstm,test,3.733333333333333,2.9961329642269345,high,moderate
lstm,test,4.0,3.3407313532299465,high,high
lstm,test,4.333333333333333,3.357551078001658,high,high
lstm,test,4.466666666666667,3.61109388007058,high,high
lstm,test,4.466666666666667,3.671337203184764,high,high
lstm,test,4.533333333333333,3.750298048390282,high,high
lstm,test,3.866666666666666,3.788137286239201,high,high
lstm,test,3.733333333333333,3.693209665351444,high,high
lstm,test,3.733333333333333,3.9752083745267655,high,high
lstm,test,4.4,4.337385939227211,high,high
lstm,test,4.2,4.702537593576643,high,high
lstm,test,4.6,4.468379980987973,high,high
lstm,test,4.875,4.839231276512146,high,high
lstm,test,7.133333333333334,5.709219974941678,high,high
lstm,test,7.533333333333333,4.956784518559775,high,high
lstm,test,8.666666666666666,5.443864189253913,high,high
lstm,test,8.266666666666667,6.6129274235831375,high,high
lstm,test,7.333333333333333,6.898958632681106,high,high
lstm,test,7.266666666666667,5.428456788592868,high,high
lstm,test,7.8,4.675170458687677,high,high
lstm,test,7.333333333333333,4.494230953852335,high,high
lstm,test,8.0,5.5461992899576815,high,high
lstm,test,7.6,6.623996180958218,high,high
lstm,test,8.533333333333333,6.215859988000656,high,high
lstm,test,9.066666666666666,6.192836406495836,high,high
lstm,test,7.666666666666667,6.23028793334961,high,high
lstm,test,7.466666666666667,5.634762848748101,high,high
lstm,test,8.666666666666666,5.388407055536906,high,high
lstm,test,7.466666666666667,5.87987798055013,high,high
lstm,test,7.8,6.7913900534311935,high,high
lstm,test,8.466666666666667,7.524951397048103,high,high
lstm,test,8.266666666666667,7.439462894863553,high,high
lstm,test,7.533333333333333,7.907652090655432,high,high
lstm,test,7.727272727272727,7.756075745158727,high,high
lstm,test,7.133333333333334,5.184443873829312,high,high
lstm,test,7.866666666666666,5.320880595842998,high,high
lstm,test,7.066666666666666,6.586491433779398,high,high
lstm,test,6.333333333333333,5.468461177084181,high,high
lstm,test,7.2,4.903269296222263,high,high
lstm,test,7.6,4.722204558054606,high,high
lstm,test,6.466666666666667,5.624819281366136,high,high
lstm,test,6.6,6.317076449924045,high,high
lstm,test,7.866666666666666,5.715619378619724,high,high
lstm,test,7.0,5.677937089072333,high,high
lstm,test,6.866666666666666,6.04870052072737,high,high
lstm,test,6.2,6.019704177644517,high,high
lstm,test,7.8,5.0823612027698095,high,high
lstm,test,8.6,5.904613492223952,high,high
lstm,test,6.533333333333333,6.929953308900196,high,high
lstm,test,8.066666666666666,6.533241608407761,high,high
lstm,test,7.933333333333334,6.212237222989399,high,high
lstm,test,6.733333333333333,5.8827243751949725,high,high
lstm,test,6.2,6.93515936003791,high,high
lstm,test,7.333333333333333,6.933766496512625,high,high
lstm,test,7.133333333333334,8.04385833475325,high,high
lstm,test,8.6,8.93062334590488,high,high
lstm,test,8.5,9.71126232677036,high,high
lstm,test,1.8666666666666667,1.5379993225137392,low,low
lstm,test,1.2,1.2496276007758245,low,low
lstm,test,1.0666666666666669,1.4779080106152425,low,low
lstm,test,0.0,1.4339646288918122,low,low
lstm,test,1.0,0.7655373666021558,low,low
lstm,test,1.0,0.7283577472799353,low,low
lstm,test,1.4,0.7103035996357598,low,low
lstm,test,2.8,1.1509928559263545,moderate,low
lstm,test,1.4666666666666666,2.349520726998647,low,low
lstm,test,1.0,3.0722274117999606,low,moderate
lstm,test,0.7333333333333333,2.388363585207197,low,low
lstm,test,0.7333333333333333,1.457153264681498,low,low
lstm,test,1.1333333333333333,1.7603161825074087,low,low
lstm,test,1.5333333333333334,1.897869578997294,low,low
lstm,test,0.6,1.915398069222768,low,low
lstm,test,1.0666666666666669,2.252849941783481,low,low
lstm,test,1.0666666666666669,2.205474559466044,low,low
lstm,test,0.8,2.0663038439220847,low,low
lstm,test,0.2,2.3752109395133125,low,low
lstm,test,0.6,2.2957185321384004,low,low
lstm,test,0.8,2.3901498635609943,low,low
lstm,test,0.8666666666666667,2.6432426293691,low,moderate
lstm,test,2.1666666666666665,2.8968230936262342,low,moderate
lstm,test,1.1333333333333333,0.35837708082464,low,low
lstm,test,0.2666666666666666,0.4025912576251559,low,low
lstm,test,0.2666666666666666,0.4837194802032576,low,low
lstm,test,0.0666666666666666,0.4560326668951245,low,low
lstm,test,0.3333333333333333,0.0877815455198287,low,low
lstm,test,0.1333333333333333,0.1234742982519997,low,low
lstm,test,1.3333333333333333,0.086752745674716,low,low
lstm,test,1.1333333333333333,0.5350264072418213,low,low
lstm,test,0.5333333333333333,1.1632400671641032,low,low
lstm,test,0.4,1.4867011308670044,low,low
lstm,test,0.1333333333333333,1.0416805558734472,low,low
lstm,test,0.4666666666666667,0.717640421125624,low,low
lstm,test,0.2666666666666666,0.9402914245923362,low,low
lstm,test,0.2666666666666666,0.8050761395030552,low,low
lstm,test,0.2666666666666666,0.7786402304967246,low,low
lstm,test,0.2,0.9535017768541972,low,low
lstm,test,0.2666666666666666,1.1495199945237902,low,low
lstm,test,0.2,1.38520331647661,low,low
lstm,test,0.3333333333333333,1.5173505677117245,low,low
lstm,test,0.0,1.7765053669611617,low,low
lstm,test,0.2666666666666666,1.920966993437873,low,low
lstm,test,0.2,2.101763200759888,low,low
lstm,test,0.6,2.218359062406752,low,low
lstm,test,2.466666666666667,0.8879601567155786,moderate,low
lstm,test,1.2,1.1315859151383243,low,low
lstm,test,1.2,1.560750954515404,low,low
lstm,test,0.3333333333333333,1.7251343650950328,low,low
lstm,test,1.0,0.9603365159697004,low,low
lstm,test,0.8666666666666667,0.9119091984298496,low,low
lstm,test,0.4666666666666667,0.8286399235328039,low,low
lstm,test,1.1333333333333333,0.7255398051606287,low,low
lstm,test,0.9333333333333332,0.7958931518925563,low,low
lstm,test,0.8,0.8715562541451721,low,low
lstm,test,1.6,1.0765588108036257,low,low
lstm,test,0.2,1.4563327497906158,low,low
lstm,test,0.9333333333333332,1.381340495745341,low,low
lstm,test,1.1333333333333333,1.4774047679371305,low,low
lstm,test,0.5333333333333333,1.5072162601682877,low,low
lstm,test,0.7333333333333333,1.668425492445628,low,low
lstm,test,0.2666666666666666,1.8654451847076416,low,low
lstm,test,0.6666666666666666,1.743092507786221,low,low
lstm,test,0.8,2.1606454584333634,low,low
lstm,test,0.9333333333333332,2.349413906203376,low,low
lstm,test,0.4666666666666667,2.625783133506775,low,moderate
lstm,test,1.1333333333333333,2.9189696153004965,low,moderate
lstm,test,0.75,2.9961029794481067,low,moderate
lstm,test,11.066666666666666,6.131553406185574,high,high
lstm,test,8.866666666666667,5.689323976304795,high,high
lstm,test,9.533333333333331,6.824533722135756,high,high
lstm,test,9.133333333333333,7.063165415657894,high,high
lstm,test,7.333333333333333,5.778677712546452,high,high
lstm,test,8.933333333333334,4.423149744669596,high,high
lstm,test,9.533333333333331,4.559031216303508,high,high
lstm,test,8.266666666666667,6.31422791481018,high,high
lstm,test,10.6,7.4129694647259186,high,high
lstm,test,8.4,7.008073536554974,high,high
lstm,test,7.533333333333333,5.51630497508579,high,high
lstm,test,8.133333333333333,5.15405552652147,high,high
lstm,test,6.8,4.903709353340997,high,high
lstm,test,8.333333333333334,5.456180244021945,high,high
lstm,test,9.533333333333331,7.305426285001967,high,high
lstm,test,7.466666666666667,8.093992768062487,high,high
lstm,test,6.8,7.406523254182604,high,high
lstm,test,6.333333333333333,6.017442043622335,high,high
lstm,test,7.733333333333333,5.7190411011377975,high,high
lstm,test,8.4,7.998423573705885,high,high
lstm,test,8.4,9.867335706286962,high,high
lstm,test,7.230769230769231,10.13008273707496,high,high
lstm,test,7.6,5.967430329322814,high,high
lstm,test,6.8,6.794094391663869,high,high
lstm,test,6.333333333333333,5.241800909572177,high,high
lstm,test,8.2,4.564588541454739,high,high
lstm,test,9.266666666666667,5.50572735733456,high,high
lstm,test,9.733333333333333,6.5994153579076125,high,high
lstm,test,8.733333333333333,5.904882017771403,high,high
lstm,test,8.8,4.489635541703965,high,high
lstm,test,10.2,4.235046630435519,high,high
lstm,test,9.933333333333334,5.657154872682359,high,high
lstm,test,9.2,6.634596803453233,high,high
lstm,test,9.866666666666667,6.5935791598426,high,high
lstm,test,8.666666666666666,6.281688610712687,high,high
lstm,test,9.666666666666666,5.988398626115586,high,high
lstm,test,8.533333333333333,6.503647470474244,high,high
lstm,test,8.666666666666666,6.635484335157605,high,high
lstm,test,11.6,7.173357841703627,high,high
lstm,test,11.333333333333334,8.075128889083862,high,high
lstm,test,12.0,8.34228852589925,high,high
lstm,test,11.4,8.044832923677234,high,high
lstm,test,4.0,3.1806547936466,high,moderate
lstm,test,5.533333333333333,3.378147826592127,high,high
lstm,test,3.6666666666666665,4.294587888320287,high,high
lstm,test,4.333333333333333,4.065847420692444,high,high
lstm,test,3.2,3.484894961780971,moderate,high
lstm,test,5.466666666666667,2.7752910693486528,high,moderate
lstm,test,5.466666666666667,3.770260175069173,high,high
lstm,test,4.066666666666666,4.465394345588154,high,high
lstm,test,5.333333333333333,4.412982761859894,high,high
lstm,test,6.2,4.018366870615217,high,high
lstm,test,5.4,4.290880930423736,high,high
lstm,test,5.0,4.944351234700945,high,high
lstm,test,3.533333333333333,4.689464362462361,high,high
lstm,test,5.0,4.296040811803606,high,high
lstm,test,4.066666666666666,6.013771027988857,high,high
lstm,test,5.066666666666666,6.137145113945007,high,high
lstm,test,5.8,6.282892984814114,high,high
lstm,test,5.866666666666666,5.508564113246069,high,high
lstm,test,6.066666666666666,6.210195873843298,high,high
lstm,test,7.5,6.08731272286839,high,high
lstm,test,4.933333333333334,5.093478958805402,high,high
lstm,test,5.2,4.991786613729265,high,high
lstm,test,4.4,4.613695867856343,high,high
lstm,test,4.666666666666667,4.086240103509692,high,high
lstm,test,6.266666666666667,4.2154663655493,high,high
lstm,test,6.466666666666667,4.978035307592815,high,high
lstm,test,4.933333333333334,5.617610412836076,high,high
lstm,test,4.333333333333333,4.509000950389439,high,high
lstm,test,5.866666666666666,3.1393445279863146,high,moderate
lstm,test,6.333333333333333,3.837740304734972,high,high
lstm,test,6.466666666666667,5.583331153459018,high,high
lstm,test,6.4,6.329370809925926,high,high
lstm,test,5.333333333333333,5.531168901920319,high,high
lstm,test,7.733333333333333,4.5160674492518105,high,high
lstm,test,4.133333333333334,5.725640504890019,high,high
lstm,test,5.4,5.450800045331319,high,high
lstm,test,5.533333333333333,7.305232569906447,high,high
lstm,test,4.4,6.874414504898919,high,high
lstm,test,9.666666666666666,4.72497205734253,high,high
lstm,test,9.4,4.745974233415391,high,high
lstm,test,10.933333333333334,5.246369287702773,high,high
lstm,test,13.066666666666666,6.734651803970337,high,high
lstm,test,14.2,7.831464656194054,high,high
lstm,test,13.866666666666667,8.087973340352377,high,high
lstm,test,11.133333333333333,8.343974632687038,high,high
lstm,test,12.066666666666666,7.550314966837567,high,high
lstm,test,11.2,7.004385492536756,high,high
lstm,test,10.4,6.36238905588786,high,high
lstm,test,9.533333333333331,6.728175534142386,high,high
lstm,test,12.466666666666669,6.940269909964668,high,high
lstm,test,9.666666666666666,7.71766905784607,high,high
lstm,test,11.666666666666666,7.67301246854994,high,high
lstm,test,11.066666666666666,8.188379780451456,high,high
lstm,test,9.666666666666666,7.272405433654786,high,high
lstm,test,10.909090909090908,7.137890386581422,high,high
lstm,test,5.2,3.4608207013871946,high,high
lstm,test,7.2,1.8098698404100209,high,low
lstm,test,5.6,2.4484731621212434,high,moderate
lstm,test,5.333333333333333,4.100265383720398,high,high
lstm,test,4.666666666666667,5.396036806371477,high,high
lstm,test,3.466666666666667,4.487215828895569,high,high
lstm,test,5.933333333333334,3.328372030787998,high,high
lstm,test,7.133333333333334,4.778508912854725,high,high
lstm,test,7.6,6.090824634499021,high,high
lstm,test,4.533333333333333,6.641451933317715,high,high
lstm,test,6.6,3.326388205422295,high,high
lstm,test,5.933333333333334,3.0037706640031603,high,moderate
lstm,test,6.466666666666667,3.984265547328525,high,high
lstm,test,6.266666666666667,7.130383749802907,high,high
lstm,test,5.466666666666667,6.763023568524254,high,high
lstm,test,4.4,6.72072780529658,high,high
lstm,test,4.769230769230769,6.01638915406333,high,high
lstm,test,1.4,2.2150401486290825,low,low
lstm,test,1.6,2.048958522412512,low,low
lstm,test,2.333333333333333,1.6422441797124012,low,low
lstm,test,2.6,1.8572575913535223,moderate,low
lstm,test,1.4,2.3524291025267705,low,low
lstm,test,2.2666666666666666,2.313129714793629,low,low
lstm,test,1.3333333333333333,2.163195235364967,low,low
lstm,test,2.0,1.7337812061111133,low,low
lstm,test,2.466666666666667,2.092803991834322,moderate,low
lstm,test,1.6,2.2437232693036395,low,low
lstm,test,2.1333333333333333,2.317872346772088,low,low
lstm,test,2.0,2.3840811888376874,low,low
lstm,test,1.4,2.2909161395496795,low,low
lstm,test,2.333333333333333,2.3370218780305647,low,low
lstm,test,2.2666666666666666,2.563475663132138,low,moderate
lstm,test,1.6,2.739222347736358,low,moderate
lstm,test,1.7333333333333334,3.008597616354624,low,moderate
lstm,test,0.3333333333333333,2.888822070757548,low,moderate
lstm,test,6.133333333333334,3.134040286805895,high,moderate
lstm,test,5.266666666666667,2.81193814277649,high,moderate
lstm,test,6.466666666666667,4.082698252465989,high,high
lstm,test,6.466666666666667,5.324466166231368,high,high
lstm,test,5.6,5.600544814268748,high,high
lstm,test,6.466666666666667,5.020720134841072,high,high
lstm,test,7.533333333333333,5.191834043131934,high,high
lstm,test,7.066666666666666,5.521362336476645,high,high
lstm,test,7.733333333333333,5.745112122429742,high,high
lstm,test,9.866666666666667,5.145495918061998,high,high
lstm,test,9.066666666666666,5.194219244851006,high,high
lstm,test,7.733333333333333,5.023230605655245,high,high
lstm,test,9.133333333333333,4.506944232516817,high,high
lstm,test,9.466666666666669,4.789440372255113,high,high
lstm,test,9.6,5.797902928458321,high,high
lstm,test,8.266666666666667,7.112949991226197,high,high
lstm,test,9.142857142857142,6.549128717846342,high,high
tcn,test,4.866666666666666,5.187868595123291,high,high
tcn,test,4.8,5.140405654907227,high,high
tcn,test,5.733333333333333,4.46070671081543,high,high
tcn,test,4.733333333333333,4.801723003387451,high,high
tcn,test,6.4,4.722702980041504,high,high
tcn,test,6.4,5.333897113800049,high,high
tcn,test,5.4,4.640080451965332,high,high
tcn,test,4.866666666666666,4.471395492553711,high,high
tcn,test,6.8,3.670713663101196,high,high
tcn,test,5.133333333333334,4.775390625,high,high
tcn,test,5.133333333333334,4.920601844787598,high,high
tcn,test,6.466666666666667,5.451080799102783,high,high
tcn,test,5.466666666666667,5.03864049911499,high,high
tcn,test,3.8,5.525582313537598,high,high
tcn,test,4.533333333333333,4.860716819763184,high,high
tcn,test,5.866666666666666,4.788275718688965,high,high
tcn,test,5.2,5.919113159179688,high,high
tcn,test,3.333333333333333,6.14799690246582,high,high
tcn,test,3.333333333333333,5.095513343811035,high,high
tcn,test,4.466666666666667,4.909551620483398,high,high
tcn,test,5.8,5.565957069396973,high,high
tcn,test,5.666666666666667,6.755125999450684,high,high
tcn,test,3.533333333333333,4.117453575134277,high,high
tcn,test,0.6666666666666666,3.8769686222076416,low,high
tcn,test,0.8,2.116729736328125,low,low
tcn,test,0.6666666666666666,1.359487533569336,low,low
tcn,test,0.5333333333333333,1.1210048198699951,low,low
tcn,test,1.7333333333333334,1.1932783126831057,low,low
tcn,test,0.9333333333333332,0.4132846593856811,low,low
tcn,test,0.6,0.1032900065183639,low,low
tcn,test,1.8,0.1145510524511337,low,low
tcn,test,2.066666666666667,0.369012713432312,low,low
tcn,test,0.2,0.881596565246582,low,low
tcn,test,0.8,1.0419518947601318,low,low
tcn,test,1.2666666666666666,1.006387710571289,low,low
tcn,test,2.466666666666667,1.2513766288757324,moderate,low
tcn,test,2.7333333333333334,2.1865222454071045,moderate,low
tcn,test,3.1333333333333333,3.388683557510376,moderate,high
tcn,test,2.2,3.946356058120728,low,high
tcn,test,4.133333333333334,3.2969110012054443,high,high
tcn,test,4.266666666666667,4.088841915130615,high,high
tcn,test,4.133333333333334,4.41793966293335,high,high
tcn,test,4.0,5.086912155151367,high,high
tcn,test,1.5333333333333334,2.5501303672790527,low,moderate
tcn,test,3.2,1.8550965785980225,moderate,low
tcn,test,2.933333333333333,1.9736649990081787,moderate,low
tcn,test,2.466666666666667,2.3818721771240234,moderate,low
tcn,test,1.933333333333333,2.381174325942993,low,low
tcn,test,2.2,1.6640644073486328,low,low
tcn,test,2.4,1.428433895111084,low,low
tcn,test,1.0666666666666669,1.7003281116485596,low,low
tcn,test,1.0,0.9931931495666504,low,low
tcn,test,3.533333333333333,0.874355673789978,high,low
tcn,test,3.6,1.5375043153762815,high,low
tcn,test,2.7333333333333334,3.232383728027344,moderate,moderate
tcn,test,2.333333333333333,4.29373836517334,low,high
tcn,test,3.6,2.453208923339844,high,moderate
tcn,test,3.733333333333333,2.9637837409973145,high,moderate
tcn,test,2.2,3.556683301925659,low,high
tcn,test,2.8,3.3476815223693848,moderate,high
tcn,test,3.066666666666667,3.4896366596221924,moderate,high
tcn,test,4.6,3.807771444320679,high,high
tcn,test,2.6153846153846154,5.304224967956543,moderate,high
tcn,test,0.0,0.682060956954956,low,low
tcn,test,0.6666666666666666,0.3366968035697937,low,low
tcn,test,1.0,0.0966275781393051,low,low
tcn,test,0.5333333333333333,0.1197254210710525,low,low
tcn,test,0.2,0.1193641275167465,low,low
tcn,test,0.2,-0.0657977014780044,low,low
tcn,test,0.3333333333333333,-0.0771181136369705,low,low
tcn,test,0.3333333333333333,-0.0526698678731918,low,low
tcn,test,0.0,-0.0428790599107742,low,low
tcn,test,0.3333333333333333,0.0239826887845993,low,low
tcn,test,1.7333333333333334,0.1593630164861679,low,low
tcn,test,1.2,0.5989567041397095,low,low
tcn,test,0.0666666666666666,1.4271477460861206,low,low
tcn,test,0.8,1.4332704544067385,low,low
tcn,test,1.3333333333333333,1.422213792800903,low,low
tcn,test,0.2,1.638048529624939,low,low
tcn,test,0.1333333333333333,1.780043601989746,low,low
tcn,test,1.2,1.9037518501281736,low,low
tcn,test,0.4666666666666667,2.1574971675872803,low,low
tcn,test,1.4,2.39703106880188,low,low
tcn,test,0.0,0.4170092344284057,low,low
tcn,test,0.0,0.170637235045433,low,low
tcn,test,0.2,-0.0525363236665725,low,low
tcn,test,0.3333333333333333,-0.2138434797525406,low,low
tcn,test,0.0666666666666666,-0.2551645040512085,low,low
tcn,test,0.0,-0.2698681950569153,low,low
tcn,test,0.2,-0.2822997570037842,low,low
tcn,test,0.0666666666666666,-0.1998347789049148,low,low
tcn,test,0.0,-0.1279178410768509,low,low
tcn,test,0.1333333333333333,-0.0390865951776504,low,low
tcn,test,0.4,0.1051913648843765,low,low
tcn,test,0.2666666666666666,0.3222148418426513,low,low
tcn,test,0.2666666666666666,0.6276274919509888,low,low
tcn,test,0.3333333333333333,0.9015491008758544,low,low
tcn,test,0.6666666666666666,1.1168397665023804,low,low
tcn,test,0.3333333333333333,1.3637828826904297,low,low
tcn,test,0.0,1.6227954626083374,low,low
tcn,test,0.5333333333333333,1.7811802625656128,low,low
tcn,test,0.1333333333333333,2.015026807785034,low,low
tcn,test,0.2666666666666666,2.2419819831848145,low,low
tcn,test,3.866666666666666,3.395160436630249,high,high
tcn,test,3.466666666666667,3.313267469406128,high,high
tcn,test,4.0,3.4923465251922607,high,high
tcn,test,3.933333333333333,3.492987871170044,high,high
tcn,test,3.6,3.2068591117858887,high,moderate
tcn,test,2.6666666666666665,2.995016098022461,moderate,moderate
tcn,test,3.533333333333333,2.3997690677642822,high,low
tcn,test,3.2666666666666666,2.308814764022827,high,low
tcn,test,3.733333333333333,2.2891345024108887,high,low
tcn,test,4.0,3.001546621322632,high,moderate
tcn,test,4.333333333333333,2.89434027671814,high,moderate
tcn,test,4.466666666666667,3.229626417160034,high,moderate
tcn,test,4.466666666666667,3.408184289932251,high,high
tcn,test,4.533333333333333,3.4857022762298584,high,high
tcn,test,3.866666666666666,3.8663079738616943,high,high
tcn,test,3.733333333333333,4.045577049255371,high,high
tcn,test,3.733333333333333,4.323169708251953,high,high
tcn,test,4.4,4.468091011047363,high,high
tcn,test,4.2,5.030056476593018,high,high
tcn,test,4.6,5.065016746520996,high,high
tcn,test,4.875,5.356752395629883,high,high
tcn,test,7.133333333333334,5.901087760925293,high,high
tcn,test,7.533333333333333,5.525184631347656,high,high
tcn,test,8.666666666666666,6.542045593261719,high,high
tcn,test,8.266666666666667,7.779689788818359,high,high
tcn,test,7.333333333333333,7.252148628234863,high,high
tcn,test,7.266666666666667,6.035037994384766,high,high
tcn,test,7.8,4.947348594665527,high,high
tcn,test,7.333333333333333,5.815457820892334,high,high
tcn,test,8.0,7.081879138946533,high,high
tcn,test,7.6,7.658345222473144,high,high
tcn,test,8.533333333333333,7.001614570617676,high,high
tcn,test,9.066666666666666,7.671092510223389,high,high
tcn,test,7.666666666666667,7.689704895019531,high,high
tcn,test,7.466666666666667,7.353660583496094,high,high
tcn,test,8.666666666666666,7.175472736358643,high,high
tcn,test,7.466666666666667,8.05850601196289,high,high
tcn,test,7.8,8.61762809753418,high,high
tcn,test,8.466666666666667,9.188922882080078,high,high
tcn,test,8.266666666666667,8.843055725097656,high,high
tcn,test,7.533333333333333,9.51243782043457,high,high
tcn,test,7.727272727272727,9.002607345581055,high,high
tcn,test,7.133333333333334,5.300713062286377,high,high
tcn,test,7.866666666666666,6.938414096832275,high,high
tcn,test,7.066666666666666,7.160157203674316,high,high
tcn,test,6.333333333333333,5.249566078186035,high,high
tcn,test,7.2,4.812979698181152,high,high
tcn,test,7.6,5.077938556671143,high,high
tcn,test,6.466666666666667,6.513151168823242,high,high
tcn,test,6.6,6.483643531799316,high,high
tcn,test,7.866666666666666,5.733626842498779,high,high
tcn,test,7.0,6.369703769683838,high,high
tcn,test,6.866666666666666,6.730929374694824,high,high
tcn,test,6.2,6.65870475769043,high,high
tcn,test,7.8,5.519561767578125,high,high
tcn,test,8.6,7.163466453552246,high,high
tcn,test,6.533333333333333,7.740372180938721,high,high
tcn,test,8.066666666666666,6.947055816650391,high,high
tcn,test,7.933333333333334,7.292835235595703,high,high
tcn,test,6.733333333333333,7.291899681091309,high,high
tcn,test,6.2,8.284431457519531,high,high
tcn,test,7.333333333333333,7.414792060852051,high,high
tcn,test,7.133333333333334,8.168325424194336,high,high
tcn,test,8.6,8.63768196105957,high,high
tcn,test,8.5,9.632163047790527,high,high
tcn,test,1.8666666666666667,1.3436665534973145,low,low
tcn,test,1.2,1.3178142309188845,low,low
tcn,test,1.0666666666666669,1.1799266338348389,low,low
tcn,test,0.0,0.9180073738098145,low,low
tcn,test,1.0,0.2795597910881042,low,low
tcn,test,1.0,0.2643077969551086,low,low
tcn,test,1.4,0.033531054854393,low,low
tcn,test,2.8,0.2766168117523193,moderate,low
tcn,test,1.4666666666666666,1.4424878358840942,low,low
tcn,test,1.0,1.5314923524856567,low,low
tcn,test,0.7333333333333333,0.9576245546340942,low,low
tcn,test,0.7333333333333333,1.085984706878662,low,low
tcn,test,1.1333333333333333,1.2261196374893188,low,low
tcn,test,1.5333333333333334,1.1339988708496094,low,low
tcn,test,0.6,1.26094388961792,low,low
tcn,test,1.0666666666666669,1.424726486206055,low,low
tcn,test,1.0666666666666669,1.529653787612915,low,low
tcn,test,0.8,1.809313535690308,low,low
tcn,test,0.2,2.030871629714966,low,low
tcn,test,0.6,2.248228073120117,low,low
tcn,test,0.8,2.4498937129974365,low,moderate
tcn,test,0.8666666666666667,2.6336140632629395,low,moderate
tcn,test,2.1666666666666665,2.894390344619751,low,moderate
tcn,test,1.1333333333333333,0.4734128713607788,low,low
tcn,test,0.2666666666666666,0.4993321895599365,low,low
tcn,test,0.2666666666666666,0.2751318216323852,low,low
tcn,test,0.0666666666666666,0.096155509352684,low,low
tcn,test,0.3333333333333333,-0.0645191818475723,low,low
tcn,test,0.1333333333333333,-0.2107424587011337,low,low
tcn,test,1.3333333333333333,-0.2713679671287536,low,low
tcn,test,1.1333333333333333,-0.0630125850439071,low,low
tcn,test,0.5333333333333333,0.2524213194847107,low,low
tcn,test,0.4,0.2208121865987777,low,low
tcn,test,0.1333333333333333,0.427122950553894,low,low
tcn,test,0.4666666666666667,0.6385306119918823,low,low
tcn,test,0.2666666666666666,0.741761326789856,low,low
tcn,test,0.2666666666666666,0.7794384956359863,low,low
tcn,test,0.2666666666666666,0.8825689554214478,low,low
tcn,test,0.2,1.107874870300293,low,low
tcn,test,0.2666666666666666,1.270302414894104,low,low
tcn,test,0.2,1.4630309343338013,low,low
tcn,test,0.3333333333333333,1.6580058336257937,low,low
tcn,test,0.0,1.8791052103042605,low,low
tcn,test,0.2666666666666666,2.118673324584961,low,low
tcn,test,0.2,2.337308168411255,low,low
tcn,test,0.6,2.56793475151062,low,moderate
tcn,test,2.466666666666667,0.837588906288147,moderate,low
tcn,test,1.2,1.1472675800323486,low,low
tcn,test,1.2,1.2285234928131104,low,low
tcn,test,0.3333333333333333,1.2881877422332764,low,low
tcn,test,1.0,0.526053786277771,low,low
tcn,test,0.8666666666666667,0.5237599015235901,low,low
tcn,test,0.4666666666666667,0.1280467063188552,low,low
tcn,test,1.1333333333333333,-0.0521707981824874,low,low
tcn,test,0.9333333333333332,0.0269825011491775,low,low
tcn,test,0.8,0.1336391419172287,low,low
tcn,test,1.6,0.3446802496910095,low,low
tcn,test,0.2,0.6542792320251465,low,low
tcn,test,0.9333333333333332,0.8171268701553345,low,low
tcn,test,1.1333333333333333,0.9266191720962524,low,low
tcn,test,0.5333333333333333,1.140631914138794,low,low
tcn,test,0.7333333333333333,1.262857437133789,low,low
tcn,test,0.2666666666666666,1.5116612911224363,low,low
tcn,test,0.6666666666666666,1.697141170501709,low,low
tcn,test,0.8,1.9267921447753904,low,low
tcn,test,0.9333333333333332,2.0956852436065674,low,low
tcn,test,0.4666666666666667,2.3822615146636963,low,low
tcn,test,1.1333333333333333,2.6351206302642822,low,moderate
tcn,test,0.75,2.8397881984710693,low,moderate
tcn,test,11.066666666666666,6.0000104904174805,high,high
tcn,test,8.866666666666667,8.025742530822754,high,high
tcn,test,9.533333333333331,8.447654724121094,high,high
tcn,test,9.133333333333333,8.611377716064453,high,high
tcn,test,7.333333333333333,5.865443706512451,high,high
tcn,test,8.933333333333334,4.938241958618164,high,high
tcn,test,9.533333333333331,6.906628131866455,high,high
tcn,test,8.266666666666667,8.455702781677246,high,high
tcn,test,10.6,8.72628402709961,high,high
tcn,test,8.4,8.555609703063965,high,high
tcn,test,7.533333333333333,6.8927202224731445,high,high
tcn,test,8.133333333333333,7.088560581207275,high,high
tcn,test,6.8,6.569746971130371,high,high
tcn,test,8.333333333333334,7.0587158203125,high,high
tcn,test,9.533333333333331,9.400863647460938,high,high
tcn,test,7.466666666666667,9.112092971801758,high,high
tcn,test,6.8,8.311017990112305,high,high
tcn,test,6.333333333333333,7.21802806854248,high,high
tcn,test,7.733333333333333,6.911747932434082,high,high
tcn,test,8.4,9.151947021484377,high,high
tcn,test,8.4,9.597524642944336,high,high
tcn,test,7.230769230769231,9.5611572265625,high,high
tcn,test,7.6,7.172372817993164,high,high
tcn,test,6.8,7.517205238342285,high,high
tcn,test,6.333333333333333,5.012523174285889,high,high
tcn,test,8.2,4.917050361633301,high,high
tcn,test,9.266666666666667,6.467776298522949,high,high
tcn,test,9.733333333333333,7.612220764160156,high,high
tcn,test,8.733333333333333,7.801132678985596,high,high
tcn,test,8.8,5.451394557952881,high,high
tcn,test,10.2,6.084002494812012,high,high
tcn,test,9.933333333333334,8.17940616607666,high,high
tcn,test,9.2,9.088380813598633,high,high
tcn,test,9.866666666666667,8.727156639099121,high,high
tcn,test,8.666666666666666,8.794727325439453,high,high
tcn,test,9.666666666666666,8.3236083984375,high,high
tcn,test,8.533333333333333,10.08222770690918,high,high
tcn,test,8.666666666666666,9.045928001403809,high,high
tcn,test,11.6,10.020601272583008,high,high
tcn,test,11.333333333333334,11.122478485107422,high,high
tcn,test,12.0,11.21236801147461,high,high
tcn,test,11.4,11.58603286743164,high,high
tcn,test,4.0,2.865433931350708,high,moderate
tcn,test,5.533333333333333,3.3061838150024414,high,high
tcn,test,3.6666666666666665,4.350847244262695,high,high
tcn,test,4.333333333333333,4.256448268890381,high,high
tcn,test,3.2,2.969082355499268,moderate,moderate
tcn,test,5.466666666666667,2.09897255897522,high,low
tcn,test,5.466666666666667,3.881940364837648,high,high
tcn,test,4.066666666666666,4.28240442276001,high,high
tcn,test,5.333333333333333,3.734722375869751,high,high
tcn,test,6.2,3.603948354721069,high,high
tcn,test,5.4,4.265325546264648,high,high
tcn,test,5.0,5.144062519073486,high,high
tcn,test,3.533333333333333,4.311783313751221,high,high
tcn,test,5.0,4.008996963500977,high,high
tcn,test,4.066666666666666,5.340396881103516,high,high
tcn,test,5.066666666666666,4.759209632873535,high,high
tcn,test,5.8,5.999200820922852,high,high
tcn,test,5.866666666666666,5.375245571136475,high,high
tcn,test,6.066666666666666,6.010002136230469,high,high
tcn,test,7.5,5.968057632446289,high,high
tcn,test,4.933333333333334,5.286960124969482,high,high
tcn,test,5.2,5.099192142486572,high,high
tcn,test,4.4,4.311012268066406,high,high
tcn,test,4.666666666666667,3.4280474185943604,high,high
tcn,test,6.266666666666667,3.804795265197754,high,high
tcn,test,6.466666666666667,4.78741979598999,high,high
tcn,test,4.933333333333334,5.435323715209961,high,high
tcn,test,4.333333333333333,4.006656169891357,high,high
tcn,test,5.866666666666666,3.0949866771698,high,moderate
tcn,test,6.333333333333333,4.252429962158203,high,high
tcn,test,6.466666666666667,6.150850296020508,high,high
tcn,test,6.4,6.43714714050293,high,high
tcn,test,5.333333333333333,5.421721935272217,high,high
tcn,test,7.733333333333333,4.848574638366699,high,high
tcn,test,4.133333333333334,6.95660400390625,high,high
tcn,test,5.4,5.495041847229004,high,high
tcn,test,5.533333333333333,7.11488151550293,high,high
tcn,test,4.4,5.938026428222656,high,high
tcn,test,9.666666666666666,5.666876792907715,high,high
tcn,test,9.4,5.570682525634766,high,high
tcn,test,10.933333333333334,7.452762603759766,high,high
tcn,test,13.066666666666666,9.250442504882812,high,high
tcn,test,14.2,10.014628410339355,high,high
tcn,test,13.866666666666667,10.29156494140625,high,high
tcn,test,11.133333333333333,8.484073638916016,high,high
tcn,test,12.066666666666666,6.845283031463623,high,high
tcn,test,11.2,7.462308883666992,high,high
tcn,test,10.4,8.451274871826172,high,high
tcn,test,9.533333333333331,10.822593688964844,high,high
tcn,test,12.466666666666669,9.645496368408203,high,high
tcn,test,9.666666666666666,12.254886627197266,high,high
tcn,test,11.666666666666666,10.974940299987791,high,high
tcn,test,11.066666666666666,12.379128456115724,high,high
tcn,test,9.666666666666666,10.171134948730469,high,high
tcn,test,10.909090909090908,11.422380447387695,high,high
tcn,test,5.2,6.597432613372803,high,high
tcn,test,7.2,3.396844387054444,high,high
tcn,test,5.6,3.983665227890015,high,high
tcn,test,5.333333333333333,4.955219268798828,high,high
tcn,test,4.666666666666667,5.68468189239502,high,high
tcn,test,3.466666666666667,2.9033353328704834,high,moderate
tcn,test,5.933333333333334,2.52463436126709,high,moderate
tcn,test,7.133333333333334,5.1082377433776855,high,high
tcn,test,7.6,6.109338283538818,high,high
tcn,test,4.533333333333333,7.407798767089844,high,high
tcn,test,6.6,3.9313910007476807,high,high
tcn,test,5.933333333333334,4.774989128112793,high,high
tcn,test,6.466666666666667,5.07224702835083,high,high
tcn,test,6.266666666666667,8.108560562133789,high,high
tcn,test,5.466666666666667,6.182353019714356,high,high
tcn,test,4.4,6.333219051361084,high,high
tcn,test,4.769230769230769,5.9490251541137695,high,high
tcn,test,1.4,2.693332433700561,low,moderate
tcn,test,1.6,1.709650635719299,low,low
tcn,test,2.333333333333333,1.476542592048645,low,low
tcn,test,2.6,1.5331090688705444,moderate,low
tcn,test,1.4,1.8299680948257449,low,low
tcn,test,2.2666666666666666,1.3372784852981567,low,low
tcn,test,1.3333333333333333,1.0902401208877563,low,low
tcn,test,2.0,1.1047192811965942,low,low
tcn,test,2.466666666666667,1.4142589569091797,moderate,low
tcn,test,1.6,1.288555383682251,low,low
tcn,test,2.1333333333333333,1.2345373630523682,low,low
tcn,test,2.0,1.5426543951034546,low,low
tcn,test,1.4,1.6663607358932495,low,low
tcn,test,2.333333333333333,1.868744969367981,low,low
tcn,test,2.2666666666666666,2.18555235862732,low,low
tcn,test,1.6,2.479661226272583,low,moderate
tcn,test,1.7333333333333334,2.7685792446136475,low,moderate
tcn,test,0.3333333333333333,2.924967050552368,low,moderate
tcn,test,6.133333333333334,4.150407791137695,high,high
tcn,test,5.266666666666667,3.633868455886841,high,high
tcn,test,6.466666666666667,4.410359859466553,high,high
tcn,test,6.466666666666667,5.957571506500244,high,high
tcn,test,5.6,5.065549850463867,high,high
tcn,test,6.466666666666667,4.895482063293457,high,high
tcn,test,7.533333333333333,5.174442291259766,high,high
tcn,test,7.066666666666666,5.904388427734375,high,high
tcn,test,7.733333333333333,6.205706596374512,high,high
tcn,test,9.866666666666667,6.064126968383789,high,high
tcn,test,9.066666666666666,7.166222095489502,high,high
tcn,test,7.733333333333333,7.377883434295654,high,high
tcn,test,9.133333333333333,6.799943923950195,high,high
tcn,test,9.466666666666669,7.523442268371582,high,high
tcn,test,9.6,9.446468353271484,high,high
tcn,test,8.266666666666667,10.45997428894043,high,high
tcn,test,9.142857142857142,8.837203979492188,high,high
tcn_lstm_hybrid,test,4.866666666666666,4.003463408682081,high,high
tcn_lstm_hybrid,test,4.8,4.531794979837206,high,high
tcn_lstm_hybrid,test,5.733333333333333,4.342408718003167,high,high
tcn_lstm_hybrid,test,4.733333333333333,4.590387054284413,high,high
tcn_lstm_hybrid,test,6.4,4.696353679233127,high,high
tcn_lstm_hybrid,test,6.4,5.205734409226312,high,high
tcn_lstm_hybrid,test,5.4,4.42659609582689,high,high
tcn_lstm_hybrid,test,4.866666666666666,4.366135780016582,high,high
tcn_lstm_hybrid,test,6.8,3.326973411771987,high,high
tcn_lstm_hybrid,test,5.133333333333334,3.732572179370457,high,high
tcn_lstm_hybrid,test,5.133333333333334,4.066412782669068,high,high
tcn_lstm_hybrid,test,6.466666666666667,4.911797504954868,high,high
tcn_lstm_hybrid,test,5.466666666666667,4.964130674468147,high,high
tcn_lstm_hybrid,test,3.8,5.280371528201634,high,high
tcn_lstm_hybrid,test,4.533333333333333,5.015376746323374,high,high
tcn_lstm_hybrid,test,5.866666666666666,5.351421213150025,high,high
tcn_lstm_hybrid,test,5.2,6.415255173047384,high,high
tcn_lstm_hybrid,test,3.333333333333333,6.627764654159545,high,high
tcn_lstm_hybrid,test,3.333333333333333,6.256582427024841,high,high
tcn_lstm_hybrid,test,4.466666666666667,6.066339609358046,high,high
tcn_lstm_hybrid,test,5.8,6.415591282314724,high,high
tcn_lstm_hybrid,test,5.666666666666667,6.603135379155477,high,high
tcn_lstm_hybrid,test,3.533333333333333,3.840722979439629,high,high
tcn_lstm_hybrid,test,0.6666666666666666,3.905223446422154,low,high
tcn_lstm_hybrid,test,0.8,2.952502527501848,low,moderate
tcn_lstm_hybrid,test,0.6666666666666666,2.1196359793345128,low,low
tcn_lstm_hybrid,test,0.5333333333333333,1.419346374935574,low,low
tcn_lstm_hybrid,test,1.7333333333333334,1.2636346022288003,low,low
tcn_lstm_hybrid,test,0.9333333333333332,0.9414031045304404,low,low
tcn_lstm_hybrid,test,0.6,0.7051337401072186,low,low
tcn_lstm_hybrid,test,1.8,0.6639247589641146,low,low
tcn_lstm_hybrid,test,2.066666666666667,0.6862481302685208,low,low
tcn_lstm_hybrid,test,0.2,1.3958235227399405,low,low
tcn_lstm_hybrid,test,0.8,2.01217081281874,low,low
tcn_lstm_hybrid,test,1.2666666666666666,2.500658215416802,low,moderate
tcn_lstm_hybrid,test,2.466666666666667,2.5489953014585707,moderate,moderate
tcn_lstm_hybrid,test,2.7333333333333334,3.4047460264629787,moderate,high
tcn_lstm_hybrid,test,3.1333333333333333,4.583402464124891,moderate,high
tcn_lstm_hybrid,test,2.2,5.781719790564644,low,high
tcn_lstm_hybrid,test,4.133333333333334,5.595683675342135,high,high
tcn_lstm_hybrid,test,4.266666666666667,5.419986555311416,high,high
tcn_lstm_hybrid,test,4.133333333333334,4.79649403889974,high,high
tcn_lstm_hybrid,test,4.0,5.005802641974555,high,high
tcn_lstm_hybrid,test,1.5333333333333334,3.37956481774648,low,high
tcn_lstm_hybrid,test,3.2,2.708779165479872,moderate,moderate
tcn_lstm_hybrid,test,2.933333333333333,2.542913740211063,moderate,moderate
tcn_lstm_hybrid,test,2.466666666666667,2.7454037550422883,moderate,moderate
tcn_lstm_hybrid,test,1.933333333333333,3.012861228982608,low,moderate
tcn_lstm_hybrid,test,2.2,2.63524253335264,low,moderate
tcn_lstm_hybrid,test,2.4,2.435240861773491,low,moderate
tcn_lstm_hybrid,test,1.0666666666666669,2.3816510842906102,low,low
tcn_lstm_hybrid,test,1.0,2.287744634681278,low,low
tcn_lstm_hybrid,test,3.533333333333333,2.4706891470485264,high,moderate
tcn_lstm_hybrid,test,3.6,2.845427862803141,high,moderate
tcn_lstm_hybrid,test,2.7333333333333334,4.050379557079738,moderate,high
tcn_lstm_hybrid,test,2.333333333333333,5.974505143695408,low,high
tcn_lstm_hybrid,test,3.6,5.504361682467991,high,high
tcn_lstm_hybrid,test,3.733333333333333,4.045323067241245,high,high
tcn_lstm_hybrid,test,2.2,3.520298077000513,low,high
tcn_lstm_hybrid,test,2.8,3.2105119781361693,moderate,moderate
tcn_lstm_hybrid,test,3.066666666666667,3.0576654917664,moderate,moderate
tcn_lstm_hybrid,test,4.6,3.121533375316196,high,moderate
tcn_lstm_hybrid,test,2.6153846153846154,4.0812980824046665,moderate,high
tcn_lstm_hybrid,test,0.0,0.5856128192610212,low,low
tcn_lstm_hybrid,test,0.6666666666666666,0.2607567929559284,low,low
tcn_lstm_hybrid,test,1.0,0.1322402679257922,low,low
tcn_lstm_hybrid,test,0.5333333333333333,0.2523628804418775,low,low
tcn_lstm_hybrid,test,0.2,0.3265893300374348,low,low
tcn_lstm_hybrid,test,0.2,0.011526440249549,low,low
tcn_lstm_hybrid,test,0.3333333333333333,-0.2164903693728976,low,low
tcn_lstm_hybrid,test,0.3333333333333333,-0.2411765906545851,low,low
tcn_lstm_hybrid,test,0.0,-0.2914689011043972,low,low
tcn_lstm_hybrid,test,0.3333333333333333,-0.3346851931677924,low,low
tcn_lstm_hybrid,test,1.7333333333333334,-0.2169486747847663,low,low
tcn_lstm_hybrid,test,1.2,0.5160846375756795,low,low
tcn_lstm_hybrid,test,0.0666666666666666,1.806451564364963,low,low
tcn_lstm_hybrid,test,0.8,2.5991615056991577,low,moderate
tcn_lstm_hybrid,test,1.3333333333333333,2.475324492984348,low,moderate
tcn_lstm_hybrid,test,0.2,2.6345912059148158,low,moderate
tcn_lstm_hybrid,test,0.1333333333333333,2.6261960135565863,low,moderate
tcn_lstm_hybrid,test,1.2,2.545704338285658,low,moderate
tcn_lstm_hybrid,test,0.4666666666666667,2.7083543247646755,low,moderate
tcn_lstm_hybrid,test,1.4,2.824292755126953,low,moderate
tcn_lstm_hybrid,test,0.0,0.2463008380598491,low,low
tcn_lstm_hybrid,test,0.0,0.0375075529019037,low,low
tcn_lstm_hybrid,test,0.2,-0.257008014784919,low,low
tcn_lstm_hybrid,test,0.3333333333333333,-0.4020130594571432,low,low
tcn_lstm_hybrid,test,0.0666666666666666,-0.3950661910904779,low,low
tcn_lstm_hybrid,test,0.0,-0.4842588186264039,low,low
tcn_lstm_hybrid,test,0.2,-0.6208141366640728,low,low
tcn_lstm_hybrid,test,0.0666666666666666,-0.6603688544697233,low,low
tcn_lstm_hybrid,test,0.0,-0.6333335585064359,low,low
tcn_lstm_hybrid,test,0.1333333333333333,-0.582564229435391,low,low
tcn_lstm_hybrid,test,0.4,-0.4863787849744161,low,low
tcn_lstm_hybrid,test,0.2666666666666666,-0.2040169133080377,low,low
tcn_lstm_hybrid,test,0.2666666666666666,0.1778401295344034,low,low
tcn_lstm_hybrid,test,0.3333333333333333,0.7534727639622157,low,low
tcn_lstm_hybrid,test,0.6666666666666666,1.171201663547092,low,low
tcn_lstm_hybrid,test,0.3333333333333333,1.608718122376336,low,low
tcn_lstm_hybrid,test,0.0,1.9798844125535755,low,low
tcn_lstm_hybrid,test,0.5333333333333333,2.1601162751515703,low,low
tcn_lstm_hybrid,test,0.1333333333333333,2.2712156348758272,low,low
tcn_lstm_hybrid,test,0.2666666666666666,2.347894801033868,low,low
tcn_lstm_hybrid,test,3.866666666666666,3.41200782822238,high,high
tcn_lstm_hybrid,test,3.466666666666667,3.2995028230879044,high,high
tcn_lstm_hybrid,test,4.0,3.2906148778067696,high,high
tcn_lstm_hybrid,test,3.933333333333333,3.6165452318059055,high,high
tcn_lstm_hybrid,test,3.6,3.4937633752822874,high,high
tcn_lstm_hybrid,test,2.6666666666666665,3.3972275760438717,moderate,high
tcn_lstm_hybrid,test,3.533333333333333,2.645583117008209,high,moderate
tcn_lstm_hybrid,test,3.2666666666666666,2.6133648316065465,high,moderate
tcn_lstm_hybrid,test,3.733333333333333,2.9534729364845487,high,moderate
tcn_lstm_hybrid,test,4.0,3.653188571996159,high,high
tcn_lstm_hybrid,test,4.333333333333333,3.639794255296389,high,high
tcn_lstm_hybrid,test,4.466666666666667,3.499259592427148,high,high
tcn_lstm_hybrid,test,4.466666666666667,3.612675861517588,high,high
tcn_lstm_hybrid,test,4.533333333333333,3.810395206345452,high,high
tcn_lstm_hybrid,test,3.866666666666666,4.075476317935521,high,high
tcn_lstm_hybrid,test,3.733333333333333,4.264300587111049,high,high
tcn_lstm_hybrid,test,3.733333333333333,4.64252239730623,high,high
tcn_lstm_hybrid,test,4.4,5.133587347136604,high,high
tcn_lstm_hybrid,test,4.2,5.176786062452528,high,high
tcn_lstm_hybrid,test,4.6,4.811539120144315,high,high
tcn_lstm_hybrid,test,4.875,4.690268301963807,high,high
tcn_lstm_hybrid,test,7.133333333333334,4.904161495632596,high,high
tcn_lstm_hybrid,test,7.533333333333333,4.677528889973959,high,high
tcn_lstm_hybrid,test,8.666666666666666,4.630487643347846,high,high
tcn_lstm_hybrid,test,8.266666666666667,5.48014603720771,high,high
tcn_lstm_hybrid,test,7.333333333333333,5.64005167219374,high,high
tcn_lstm_hybrid,test,7.266666666666667,5.255819087558322,high,high
tcn_lstm_hybrid,test,7.8,4.669339693917169,high,high
tcn_lstm_hybrid,test,7.333333333333333,4.548016993204752,high,high
tcn_lstm_hybrid,test,8.0,4.745604960123697,high,high
tcn_lstm_hybrid,test,7.6,5.367983145183987,high,high
tcn_lstm_hybrid,test,8.533333333333333,5.204054334428574,high,high
tcn_lstm_hybrid,test,9.066666666666666,5.887947681215074,high,high
tcn_lstm_hybrid,test,7.666666666666667,6.198995256423951,high,high
tcn_lstm_hybrid,test,7.466666666666667,6.105300988091363,high,high
tcn_lstm_hybrid,test,8.666666666666666,5.569686237970988,high,high
tcn_lstm_hybrid,test,7.466666666666667,5.647835906346639,high,high
tcn_lstm_hybrid,test,7.8,6.159153930346172,high,high
tcn_lstm_hybrid,test,8.466666666666667,7.031608401404487,high,high
tcn_lstm_hybrid,test,8.266666666666667,7.158483201927609,high,high
tcn_lstm_hybrid,test,7.533333333333333,7.593420098887549,high,high
tcn_lstm_hybrid,test,7.727272727272727,7.484488492541844,high,high
tcn_lstm_hybrid,test,7.133333333333334,4.42506079143948,high,high
tcn_lstm_hybrid,test,7.866666666666666,4.835356775919597,high,high
tcn_lstm_hybrid,test,7.066666666666666,5.374295918146768,high,high
tcn_lstm_hybrid,test,6.333333333333333,4.682942411634657,high,high
tcn_lstm_hybrid,test,7.2,4.31777835422092,high,high
tcn_lstm_hybrid,test,7.6,4.078615538279215,high,high
tcn_lstm_hybrid,test,6.466666666666667,4.563134076860216,high,high
tcn_lstm_hybrid,test,6.6,4.805698400073581,high,high
tcn_lstm_hybrid,test,7.866666666666666,4.397377067142063,high,high
tcn_lstm_hybrid,test,7.0,4.676036177741156,high,high
tcn_lstm_hybrid,test,6.866666666666666,5.055186578962538,high,high
tcn_lstm_hybrid,test,6.2,5.1664624955919045,high,high
tcn_lstm_hybrid,test,7.8,4.220113378100925,high,high
tcn_lstm_hybrid,test,8.6,5.021840450498793,high,high
tcn_lstm_hybrid,test,6.533333333333333,6.175761493047077,high,high
tcn_lstm_hybrid,test,8.066666666666666,6.223635771539475,high,high
tcn_lstm_hybrid,test,7.933333333333334,6.208538635571796,high,high
tcn_lstm_hybrid,test,6.733333333333333,5.931784243053859,high,high
tcn_lstm_hybrid,test,6.2,6.477080737219917,high,high
tcn_lstm_hybrid,test,7.333333333333333,6.159141955110762,high,high
tcn_lstm_hybrid,test,7.133333333333334,6.830170899960731,high,high
tcn_lstm_hybrid,test,8.6,7.565745764308505,high,high
tcn_lstm_hybrid,test,8.5,8.348641317420537,high,high
tcn_lstm_hybrid,test,1.8666666666666667,1.9162826220194495,low,low
tcn_lstm_hybrid,test,1.2,1.540432880984412,low,low
tcn_lstm_hybrid,test,1.0666666666666669,1.5706089837683568,low,low
tcn_lstm_hybrid,test,0.0,1.351118751035796,low,low
tcn_lstm_hybrid,test,1.0,0.7772766653034421,low,low
tcn_lstm_hybrid,test,1.0,0.6778421961598925,low,low
tcn_lstm_hybrid,test,1.4,0.2730636397997537,low,low
tcn_lstm_hybrid,test,2.8,0.6954088290532427,moderate,low
tcn_lstm_hybrid,test,1.4666666666666666,1.6182343055804569,low,low
tcn_lstm_hybrid,test,1.0,2.4192561440997653,low,moderate
tcn_lstm_hybrid,test,0.7333333333333333,2.479243442747328,low,moderate
tcn_lstm_hybrid,test,0.7333333333333333,2.290514055887858,low,low
tcn_lstm_hybrid,test,1.1333333333333333,2.6990319384468924,low,moderate
tcn_lstm_hybrid,test,1.5333333333333334,2.335349671045939,low,low
tcn_lstm_hybrid,test,0.6,2.335081346829732,low,low
tcn_lstm_hybrid,test,1.0666666666666669,2.752714043193393,low,moderate
tcn_lstm_hybrid,test,1.0666666666666669,2.8589571158091225,low,moderate
tcn_lstm_hybrid,test,0.8,2.7771205849117697,low,moderate
tcn_lstm_hybrid,test,0.2,3.0520103560553657,low,moderate
tcn_lstm_hybrid,test,0.6,2.908461432986789,low,moderate
tcn_lstm_hybrid,test,0.8,2.9687371571858723,low,moderate
tcn_lstm_hybrid,test,0.8666666666666667,2.9618151505788166,low,moderate
tcn_lstm_hybrid,test,2.1666666666666665,3.1847810003492567,low,moderate
tcn_lstm_hybrid,test,1.1333333333333333,0.5085471686389711,low,low
tcn_lstm_hybrid,test,0.2666666666666666,0.4587390565209918,low,low
tcn_lstm_hybrid,test,0.2666666666666666,0.4262617723809347,low,low
tcn_lstm_hybrid,test,0.0666666666666666,0.281934532854292,low,low
tcn_lstm_hybrid,test,0.3333333333333333,-0.0841684818267823,low,low
tcn_lstm_hybrid,test,0.1333333333333333,-0.1695977316962348,low,low
tcn_lstm_hybrid,test,1.3333333333333333,-0.4498908413781061,low,low
tcn_lstm_hybrid,test,1.1333333333333333,0.0032956361770629,low,low
tcn_lstm_hybrid,test,0.5333333333333333,0.4051029006640116,low,low
tcn_lstm_hybrid,test,0.4,0.7055155634880066,low,low
tcn_lstm_hybrid,test,0.1333333333333333,0.6083057486348683,low,low
tcn_lstm_hybrid,test,0.4666666666666667,0.8210649106237624,low,low
tcn_lstm_hybrid,test,0.2666666666666666,0.9231932361920676,low,low
tcn_lstm_hybrid,test,0.2666666666666666,0.6564240627818638,low,low
tcn_lstm_hybrid,test,0.2666666666666666,0.8133712013562522,low,low
tcn_lstm_hybrid,test,0.2,1.1412984291712442,low,low
tcn_lstm_hybrid,test,0.2666666666666666,1.509312703874376,low,low
tcn_lstm_hybrid,test,0.2,1.6996641900804308,low,low
tcn_lstm_hybrid,test,0.3333333333333333,1.8336488140953917,low,low
tcn_lstm_hybrid,test,0.0,2.0659012953440348,low,low
tcn_lstm_hybrid,test,0.2666666666666666,2.1914510832892526,low,low
tcn_lstm_hybrid,test,0.2,2.3911067962646486,low,low
tcn_lstm_hybrid,test,0.6,2.4436321947309705,low,moderate
tcn_lstm_hybrid,test,2.466666666666667,1.083108941382832,moderate,low
tcn_lstm_hybrid,test,1.2,1.284494929512342,low,low
tcn_lstm_hybrid,test,1.2,1.6885557330316967,low,low
tcn_lstm_hybrid,test,0.3333333333333333,1.730658374561204,low,low
tcn_lstm_hybrid,test,1.0,1.0145401454634138,low,low
tcn_lstm_hybrid,test,0.8666666666666667,0.9225187953975468,low,low
tcn_lstm_hybrid,test,0.4666666666666667,0.4414008100827535,low,low
tcn_lstm_hybrid,test,1.1333333333333333,0.3103112445937265,low,low
tcn_lstm_hybrid,test,0.9333333333333332,0.2593981517685786,low,low
tcn_lstm_hybrid,test,0.8,0.3311833646562366,low,low
tcn_lstm_hybrid,test,1.6,0.5789267394277785,low,low
tcn_lstm_hybrid,test,0.2,1.00946608848042,low,low
tcn_lstm_hybrid,test,0.9333333333333332,1.3573566595713298,low,low
tcn_lstm_hybrid,test,1.1333333333333333,1.9448783344692653,low,low
tcn_lstm_hybrid,test,0.5333333333333333,1.980146810743544,low,low
tcn_lstm_hybrid,test,0.7333333333333333,2.359143726030985,low,low
tcn_lstm_hybrid,test,0.2666666666666666,2.370190191268921,low,low
tcn_lstm_hybrid,test,0.6666666666666666,2.4479871696896023,low,moderate
tcn_lstm_hybrid,test,0.8,2.6976451608869767,low,moderate
tcn_lstm_hybrid,test,0.9333333333333332,2.6754237757788766,low,moderate
tcn_lstm_hybrid,test,0.4666666666666667,2.9984381675720218,low,moderate
tcn_lstm_hybrid,test,1.1333333333333333,3.148691876729329,low,moderate
tcn_lstm_hybrid,test,0.75,3.311649730470445,low,high
tcn_lstm_hybrid,test,11.066666666666666,5.923346991009183,high,high
tcn_lstm_hybrid,test,8.866666666666667,6.281138971116807,high,high
tcn_lstm_hybrid,test,9.533333333333331,6.418137809965346,high,high
tcn_lstm_hybrid,test,9.133333333333333,6.939900387658016,high,high
tcn_lstm_hybrid,test,7.333333333333333,6.1241798506842695,high,high
tcn_lstm_hybrid,test,8.933333333333334,5.592593590418497,high,high
tcn_lstm_hybrid,test,9.533333333333331,5.423290220896403,high,high
tcn_lstm_hybrid,test,8.266666666666667,5.729241466522216,high,high
tcn_lstm_hybrid,test,10.6,6.222505325741238,high,high
tcn_lstm_hybrid,test,8.4,6.830012766520184,high,high
tcn_lstm_hybrid,test,7.533333333333333,6.157420402103002,high,high
tcn_lstm_hybrid,test,8.133333333333333,5.88545553949144,high,high
tcn_lstm_hybrid,test,6.8,5.018230141533746,high,high
tcn_lstm_hybrid,test,8.333333333333334,4.612946897082858,high,high
tcn_lstm_hybrid,test,9.533333333333331,5.611281082365248,high,high
tcn_lstm_hybrid,test,7.466666666666667,7.105703605545893,high,high
tcn_lstm_hybrid,test,6.8,7.1147474315431385,high,high
tcn_lstm_hybrid,test,6.333333333333333,5.955924685796102,high,high
tcn_lstm_hybrid,test,7.733333333333333,4.617098919550578,high,high
tcn_lstm_hybrid,test,8.4,6.480283972952101,high,high
tcn_lstm_hybrid,test,8.4,8.119814425044591,high,high
tcn_lstm_hybrid,test,7.230769230769231,8.684400807486641,high,high
tcn_lstm_hybrid,test,7.6,5.242767786979674,high,high
tcn_lstm_hybrid,test,6.8,5.982010968526204,high,high
tcn_lstm_hybrid,test,6.333333333333333,4.525232797198825,high,high
tcn_lstm_hybrid,test,8.2,4.264253849453397,high,high
tcn_lstm_hybrid,test,9.266666666666667,4.8193180031246605,high,high
tcn_lstm_hybrid,test,9.733333333333333,5.851434405644734,high,high
tcn_lstm_hybrid,test,8.733333333333333,6.81257373491923,high,high
tcn_lstm_hybrid,test,8.8,6.412922933366563,high,high
tcn_lstm_hybrid,test,10.2,6.245120530658298,high,high
tcn_lstm_hybrid,test,9.933333333333334,6.53153879907396,high,high
tcn_lstm_hybrid,test,9.2,6.974989154603746,high,high
tcn_lstm_hybrid,test,9.866666666666667,6.981230364905466,high,high
tcn_lstm_hybrid,test,8.666666666666666,6.842863241831461,high,high
tcn_lstm_hybrid,test,9.666666666666666,6.317706897523667,high,high
tcn_lstm_hybrid,test,8.533333333333333,6.667033576965332,high,high
tcn_lstm_hybrid,test,8.666666666666666,6.298978922102185,high,high
tcn_lstm_hybrid,test,11.6,6.7032562467787,high,high
tcn_lstm_hybrid,test,11.333333333333334,8.018005466461181,high,high
tcn_lstm_hybrid,test,12.0,9.05763629277547,high,high
tcn_lstm_hybrid,test,11.4,9.87652025487688,high,high
tcn_lstm_hybrid,test,4.0,3.188924669888284,high,moderate
tcn_lstm_hybrid,test,5.533333333333333,3.1716762195030843,high,moderate
tcn_lstm_hybrid,test,3.6666666666666665,4.273650460441907,high,high
tcn_lstm_hybrid,test,4.333333333333333,3.83046247959137,high,high
tcn_lstm_hybrid,test,3.2,3.295374721950954,moderate,high
tcn_lstm_hybrid,test,5.466666666666667,2.2882114489873246,high,low
tcn_lstm_hybrid,test,5.466666666666667,3.4224782784779864,high,high
tcn_lstm_hybrid,test,4.066666666666666,4.144400519794888,high,high
tcn_lstm_hybrid,test,5.333333333333333,4.322411358356476,high,high
tcn_lstm_hybrid,test,6.2,4.046763894293043,high,high
tcn_lstm_hybrid,test,5.4,4.3851049661636345,high,high
tcn_lstm_hybrid,test,5.0,4.946640529897478,high,high
tcn_lstm_hybrid,test,3.533333333333333,4.771951170762379,high,high
tcn_lstm_hybrid,test,5.0,3.994378128316668,high,high
tcn_lstm_hybrid,test,4.066666666666666,5.191340417332119,high,high
tcn_lstm_hybrid,test,5.066666666666666,6.123355340957641,high,high
tcn_lstm_hybrid,test,5.8,6.782747311062283,high,high
tcn_lstm_hybrid,test,5.866666666666666,6.2125201808081725,high,high
tcn_lstm_hybrid,test,6.066666666666666,6.153545056449041,high,high
tcn_lstm_hybrid,test,7.5,5.965028146571584,high,high
tcn_lstm_hybrid,test,4.933333333333334,4.788018863399824,high,high
tcn_lstm_hybrid,test,5.2,4.851814523008135,high,high
tcn_lstm_hybrid,test,4.4,4.201814540227254,high,high
tcn_lstm_hybrid,test,4.666666666666667,3.4728572871949943,high,high
tcn_lstm_hybrid,test,6.266666666666667,3.5993957969877464,high,high
tcn_lstm_hybrid,test,6.466666666666667,4.642443663544125,high,high
tcn_lstm_hybrid,test,4.933333333333334,5.034187304973603,high,high
tcn_lstm_hybrid,test,4.333333333333333,4.209832602077061,high,high
tcn_lstm_hybrid,test,5.866666666666666,2.98499043252733,high,moderate
tcn_lstm_hybrid,test,6.333333333333333,3.027203443315294,high,moderate
tcn_lstm_hybrid,test,6.466666666666667,4.752914399570888,high,high
tcn_lstm_hybrid,test,6.4,6.08080637289418,high,high
tcn_lstm_hybrid,test,5.333333333333333,5.475393557548523,high,high
tcn_lstm_hybrid,test,7.733333333333333,4.784840170542399,high,high
tcn_lstm_hybrid,test,4.133333333333334,5.6473195248179975,high,high
tcn_lstm_hybrid,test,5.4,5.258070929845174,high,high
tcn_lstm_hybrid,test,5.533333333333333,6.482804045412276,high,high
tcn_lstm_hybrid,test,4.4,6.531492413414849,high,high
tcn_lstm_hybrid,test,9.666666666666666,6.863984632492066,high,high
tcn_lstm_hybrid,test,9.4,6.828397920396592,high,high
tcn_lstm_hybrid,test,10.933333333333334,6.735012457105849,high,high
tcn_lstm_hybrid,test,13.066666666666666,7.062372207641602,high,high
tcn_lstm_hybrid,test,14.2,8.399208672841393,high,high
tcn_lstm_hybrid,test,13.866666666666667,9.982861741383871,high,high
tcn_lstm_hybrid,test,11.133333333333333,10.716809791988796,high,high
tcn_lstm_hybrid,test,12.066666666666666,9.97530991236369,high,high
tcn_lstm_hybrid,test,11.2,9.248146555158826,high,high
tcn_lstm_hybrid,test,10.4,8.362695662180585,high,high
tcn_lstm_hybrid,test,9.533333333333331,8.145322216881643,high,high
tcn_lstm_hybrid,test,12.466666666666669,7.310918532477485,high,high
tcn_lstm_hybrid,test,9.666666666666666,7.855146217346192,high,high
tcn_lstm_hybrid,test,11.666666666666666,7.640084955427381,high,high
tcn_lstm_hybrid,test,11.066666666666666,8.75825049082438,high,high
tcn_lstm_hybrid,test,9.666666666666666,7.942604351043702,high,high
tcn_lstm_hybrid,test,10.909090909090908,8.074709224700928,high,high
tcn_lstm_hybrid,test,5.2,4.617648866441516,high,high
tcn_lstm_hybrid,test,7.2,3.845869853761461,high,high
tcn_lstm_hybrid,test,5.6,3.698784298366971,high,high
tcn_lstm_hybrid,test,5.333333333333333,3.859880208969116,high,high
tcn_lstm_hybrid,test,4.666666666666667,4.520626905229356,high,high
tcn_lstm_hybrid,test,3.466666666666667,2.9260937690734865,high,moderate
tcn_lstm_hybrid,test,5.933333333333334,2.095939546161228,high,low
tcn_lstm_hybrid,test,7.133333333333334,3.3018473201327856,high,high
tcn_lstm_hybrid,test,7.6,5.497270063228078,high,high
tcn_lstm_hybrid,test,4.533333333333333,6.378716462188297,high,high
tcn_lstm_hybrid,test,6.6,4.498158062828911,high,high
tcn_lstm_hybrid,test,5.933333333333334,4.264190032747057,high,high
tcn_lstm_hybrid,test,6.466666666666667,3.7166672759585913,high,high
tcn_lstm_hybrid,test,6.266666666666667,5.980066617329915,high,high
tcn_lstm_hybrid,test,5.466666666666667,6.482587291134728,high,high
tcn_lstm_hybrid,test,4.4,6.317765657107035,high,high
tcn_lstm_hybrid,test,4.769230769230769,5.956092380152808,high,high
tcn_lstm_hybrid,test,1.4,2.604160608185662,low,moderate
tcn_lstm_hybrid,test,1.6,2.3450304243299698,low,low
tcn_lstm_hybrid,test,2.333333333333333,1.8942837463484867,low,low
tcn_lstm_hybrid,test,2.6,1.8924287574158776,moderate,low
tcn_lstm_hybrid,test,1.4,2.151911343799697,low,low
tcn_lstm_hybrid,test,2.2666666666666666,2.004431373543209,low,low
tcn_lstm_hybrid,test,1.3333333333333333,1.917378028564983,low,low
tcn_lstm_hybrid,test,2.0,1.8037835011879604,low,low
tcn_lstm_hybrid,test,2.466666666666667,2.4019775907198584,moderate,moderate
tcn_lstm_hybrid,test,1.6,2.381622846921285,low,low
tcn_lstm_hybrid,test,2.1333333333333333,2.973708332909478,low,moderate
tcn_lstm_hybrid,test,2.0,3.241079513231913,low,high
tcn_lstm_hybrid,test,1.4,3.382698053783841,low,high
tcn_lstm_hybrid,test,2.333333333333333,3.451355388429429,low,high
tcn_lstm_hybrid,test,2.2666666666666666,3.469127530521817,low,high
tcn_lstm_hybrid,test,1.6,3.380482912063598,low,high
tcn_lstm_hybrid,test,1.7333333333333334,3.422375146547953,low,high
tcn_lstm_hybrid,test,0.3333333333333333,3.1281828800837195,low,moderate
tcn_lstm_hybrid,test,6.133333333333334,3.617639711168078,high,high
tcn_lstm_hybrid,test,5.266666666666667,3.226602172851563,high,moderate
tcn_lstm_hybrid,test,6.466666666666667,3.563561942842271,high,high
tcn_lstm_hybrid,test,6.466666666666667,4.837293264600966,high,high
tcn_lstm_hybrid,test,5.6,4.6256114880243935,high,high
tcn_lstm_hybrid,test,6.466666666666667,4.322978387938606,high,high
tcn_lstm_hybrid,test,7.533333333333333,4.453435193167792,high,high
tcn_lstm_hybrid,test,7.066666666666666,4.917987140019736,high,high
tcn_lstm_hybrid,test,7.733333333333333,5.264289797676934,high,high
tcn_lstm_hybrid,test,9.866666666666667,5.483799245622423,high,high
tcn_lstm_hybrid,test,9.066666666666666,6.333589686287773,high,high
tcn_lstm_hybrid,test,7.733333333333333,6.862872176700167,high,high
tcn_lstm_hybrid,test,9.133333333333333,6.483749442630343,high,high
tcn_lstm_hybrid,test,9.466666666666669,6.104640224244859,high,high
tcn_lstm_hybrid,test,9.6,6.575771437750923,high,high
tcn_lstm_hybrid,test,8.266666666666667,7.770573878288269,high,high
tcn_lstm_hybrid,test,9.142857142857142,7.210233158535429,high,high
