model_name,split,actual,predicted
linear_regression,test,4.866666666666666,4.877292315614673
linear_regression,test,4.8,4.390114779840859
linear_regression,test,5.733333333333333,3.8368892923923066
linear_regression,test,4.733333333333333,4.130282343713417
linear_regression,test,6.4,3.70030799349233
linear_regression,test,6.4,4.809740901562085
linear_regression,test,5.4,4.464909427105969
linear_regression,test,4.866666666666666,4.200545687262484
linear_regression,test,6.8,3.305575453620045
linear_regression,test,5.133333333333334,4.177600780201461
linear_regression,test,5.133333333333334,3.511264375040444
linear_regression,test,6.466666666666667,3.4311107215070216
linear_regression,test,5.466666666666667,2.967957832332354
linear_regression,test,3.8,3.2365157556793864
linear_regression,test,4.533333333333333,2.029021044436793
linear_regression,test,5.866666666666666,1.6335631772668937
linear_regression,test,5.2,2.6597121925820293
linear_regression,test,3.333333333333333,3.0937193658602182
linear_regression,test,3.333333333333333,1.7903245053074404
linear_regression,test,4.466666666666667,0.9401218748054704
linear_regression,test,5.8,1.0856779888548882
linear_regression,test,5.666666666666667,2.8335559004538364
linear_regression,test,3.533333333333333,3.865729386444384
linear_regression,test,0.6666666666666666,3.208478424671376
linear_regression,test,0.8,1.2820395917782452
linear_regression,test,0.6666666666666666,1.0318222481528778
linear_regression,test,0.5333333333333333,0.4290963300327721
linear_regression,test,1.7333333333333334,1.4674463475716086
linear_regression,test,0.9333333333333332,1.477778323750433
linear_regression,test,0.6,0.5260618252997737
linear_regression,test,1.8,0.1990713382039075
linear_regression,test,2.066666666666667,0.1775818594058957
linear_regression,test,0.2,0.8693825824912143
linear_regression,test,0.8,0.1613564894877246
linear_regression,test,1.2666666666666666,-0.4610186757316805
linear_regression,test,2.466666666666667,-0.5877257744358397
linear_regression,test,2.7333333333333334,1.068137705515812
linear_regression,test,3.1333333333333333,1.1065464046018274
linear_regression,test,2.2,1.496561443023507
linear_regression,test,4.133333333333334,0.3824443942510029
linear_regression,test,4.266666666666667,0.9817988416205116
linear_regression,test,4.133333333333334,1.4048428947583638
linear_regression,test,4.0,2.0699317333816856
linear_regression,test,1.5333333333333334,2.528108349120153
linear_regression,test,3.2,1.659630618068496
linear_regression,test,2.933333333333333,2.110500521848874
linear_regression,test,2.466666666666667,3.1242039901424614
linear_regression,test,1.933333333333333,2.6048348179366583
linear_regression,test,2.2,1.5006713829360745
linear_regression,test,2.4,1.931495479288192
linear_regression,test,1.0666666666666669,1.7232878784510095
linear_regression,test,1.0,0.7302166142077091
linear_regression,test,3.533333333333333,0.18695098256135
linear_regression,test,3.6,1.1526972670205469
linear_regression,test,2.7333333333333334,1.899384367440469
linear_regression,test,2.333333333333333,2.6261932087594584
linear_regression,test,3.6,0.9898483859975028
linear_regression,test,3.733333333333333,1.840082111701553
linear_regression,test,2.2,1.8950385562897176
linear_regression,test,2.8,0.989349157772013
linear_regression,test,3.066666666666667,0.3374871707593376
linear_regression,test,4.6,0.3550803465959893
linear_regression,test,2.6153846153846154,2.204979071059465
linear_regression,test,0.0,0.8626462820916885
linear_regression,test,0.6666666666666666,0.3780006612463511
linear_regression,test,1.0,0.4080938764997146
linear_regression,test,0.5333333333333333,1.0197347628867792
linear_regression,test,0.2,0.8103115465255746
linear_regression,test,0.2,0.2140156940673057
linear_regression,test,0.3333333333333333,0.0198999132175945
linear_regression,test,0.3333333333333333,-0.0261492850046458
linear_regression,test,0.0,-0.0363256741734492
linear_regression,test,0.3333333333333333,-0.4934174106247919
linear_regression,test,1.7333333333333334,-0.4048877532556236
linear_regression,test,1.2,0.4375046640458713
linear_regression,test,0.0666666666666666,0.5946065259812325
linear_regression,test,0.8,-0.3537383669416893
linear_regression,test,1.3333333333333333,-0.9545386160933144
linear_regression,test,0.2,-0.5489122451362674
linear_regression,test,0.1333333333333333,-0.5880126863920534
linear_regression,test,1.2,-1.2585618505251803
linear_regression,test,0.4666666666666667,-1.0625421520773948
linear_regression,test,1.4,-0.9517748453596236
linear_regression,test,0.0,0.3128398714439697
linear_regression,test,0.0,0.5034318101894488
linear_regression,test,0.2,0.3328371657393676
linear_regression,test,0.3333333333333333,0.1723741113215835
linear_regression,test,0.0666666666666666,0.1989641705151488
linear_regression,test,0.0,0.0438034318570412
linear_regression,test,0.2,-0.2806138745115962
linear_regression,test,0.0666666666666666,-0.2776344482183539
linear_regression,test,0.0,-0.3414973061661994
linear_regression,test,0.1333333333333333,-0.498596402521505
linear_regression,test,0.4,-0.6698980510558084
linear_regression,test,0.2666666666666666,-0.5292009200134125
linear_regression,test,0.2666666666666666,-0.5732257739542383
linear_regression,test,0.3333333333333333,-0.7404418108486528
linear_regression,test,0.6666666666666666,-0.9379457666395652
linear_regression,test,0.3333333333333333,-0.7150680699908065
linear_regression,test,0.0,-0.9946749579117622
linear_regression,test,0.5333333333333333,-1.4122828448097238
linear_regression,test,0.1333333333333333,-1.3121429053042526
linear_regression,test,0.2666666666666666,-1.468643083428022
linear_regression,test,3.866666666666666,2.9291133319973945
linear_regression,test,3.466666666666667,3.0097736241362263
linear_regression,test,4.0,3.0263564787962625
linear_regression,test,3.933333333333333,3.150505355347573
linear_regression,test,3.6,2.8663325954028207
linear_regression,test,2.6666666666666665,2.63099543453383
linear_regression,test,3.533333333333333,1.802376039396702
linear_regression,test,3.2666666666666666,2.024400746290372
linear_regression,test,3.733333333333333,2.1655273898814835
linear_regression,test,4.0,2.527761501589007
linear_regression,test,4.333333333333333,2.202586981658137
linear_regression,test,4.466666666666667,2.543579356537744
linear_regression,test,4.466666666666667,2.691940128406547
linear_regression,test,4.533333333333333,2.343984457111703
linear_regression,test,3.866666666666666,2.184412648744712
linear_regression,test,3.733333333333333,1.6405683437069327
linear_regression,test,3.733333333333333,1.506660569808612
linear_regression,test,4.4,1.2641208907974324
linear_regression,test,4.2,1.611579048012913
linear_regression,test,4.6,1.3387083527969752
linear_regression,test,4.875,1.8035713151575017
linear_regression,test,7.133333333333334,6.015769360202032
linear_regression,test,7.533333333333333,6.029711193853197
linear_regression,test,8.666666666666666,6.18864690757956
linear_regression,test,8.266666666666667,6.535760945108251
linear_regression,test,7.333333333333333,6.640917587793201
linear_regression,test,7.266666666666667,5.876395672188716
linear_regression,test,7.8,4.868547730875976
linear_regression,test,7.333333333333333,5.179938779645216
linear_regression,test,8.0,5.529763476366088
linear_regression,test,7.6,5.605259177395066
linear_regression,test,8.533333333333333,5.065119195227711
linear_regression,test,9.066666666666666,5.752454299397495
linear_regression,test,7.666666666666667,5.935554688241439
linear_regression,test,7.466666666666667,5.15335856817382
linear_regression,test,8.666666666666666,4.174339971329846
linear_regression,test,7.466666666666667,4.56099000320188
linear_regression,test,7.8,4.746165395615179
linear_regression,test,8.466666666666667,4.641363867777061
linear_regression,test,8.266666666666667,4.218424114131788
linear_regression,test,7.533333333333333,4.805506409058204
linear_regression,test,7.727272727272727,4.155399885537781
linear_regression,test,7.133333333333334,5.079416455504823
linear_regression,test,7.866666666666666,5.584009502822134
linear_regression,test,7.066666666666666,5.866810250812575
linear_regression,test,6.333333333333333,5.52914258560842
linear_regression,test,7.2,5.065332058944214
linear_regression,test,7.6,4.893773748498526
linear_regression,test,6.466666666666667,5.246431877070993
linear_regression,test,6.6,4.6370301619046295
linear_regression,test,7.866666666666666,4.263117332949207
linear_regression,test,7.0,4.663340863302979
linear_regression,test,6.866666666666666,4.729018737404422
linear_regression,test,6.2,4.557560097463739
linear_regression,test,7.8,3.2591526043626944
linear_regression,test,8.6,4.243619433067005
linear_regression,test,6.533333333333333,5.025559224336884
linear_regression,test,8.066666666666666,4.340484488134703
linear_regression,test,7.933333333333334,3.9072662384026096
linear_regression,test,6.733333333333333,3.6535799679896246
linear_regression,test,6.2,3.939410189890289
linear_regression,test,7.333333333333333,2.489194236618796
linear_regression,test,7.133333333333334,2.799396519907208
linear_regression,test,8.6,3.445876940332965
linear_regression,test,8.5,4.278778267487096
linear_regression,test,1.8666666666666667,1.6506187353193909
linear_regression,test,1.2,1.1127649425273018
linear_regression,test,1.0666666666666669,1.362020000925784
linear_regression,test,0.0,0.6633719676970067
linear_regression,test,1.0,-0.3848020409998911
linear_regression,test,1.0,0.2598711958557755
linear_regression,test,1.4,0.5222677304612713
linear_regression,test,2.8,0.990569282569382
linear_regression,test,1.4666666666666666,1.6828778816204188
linear_regression,test,1.0,0.8468163049522524
linear_regression,test,0.7333333333333333,0.0190041945143235
linear_regression,test,0.7333333333333333,-0.812957163010438
linear_regression,test,1.1333333333333333,-0.6573782619122932
linear_regression,test,1.5333333333333334,-0.0186595414698249
linear_regression,test,0.6,-0.1685356773421702
linear_regression,test,1.0666666666666669,-0.7299252199193402
linear_regression,test,1.0666666666666669,-1.0232064463754167
linear_regression,test,0.8,-1.323238551744459
linear_regression,test,0.2,-1.2653434676594395
linear_regression,test,0.6,-1.9036037972176043
linear_regression,test,0.8,-1.8560663984310943
linear_regression,test,0.8666666666666667,-1.6922511726550082
linear_regression,test,2.1666666666666665,-1.6074970048624806
linear_regression,test,1.1333333333333333,0.8402289145416848
linear_regression,test,0.2666666666666666,0.5224484352533558
linear_regression,test,0.2666666666666666,0.6160445112968533
linear_regression,test,0.0666666666666666,0.441878754022424
linear_regression,test,0.3333333333333333,-0.4258543418134577
linear_regression,test,0.1333333333333333,-0.0897957940365135
linear_regression,test,1.3333333333333333,-0.1126597382387304
linear_regression,test,1.1333333333333333,0.5098306189626012
linear_regression,test,0.5333333333333333,0.450332791952003
linear_regression,test,0.4,0.0148612230965436
linear_regression,test,0.1333333333333333,-0.697286476497279
linear_regression,test,0.4666666666666667,-0.8007580338784601
linear_regression,test,0.2666666666666666,-0.5902664267432929
linear_regression,test,0.2666666666666666,-0.979886665042894
linear_regression,test,0.2666666666666666,-1.2000213402324942
linear_regression,test,0.2,-1.5020656985196936
linear_regression,test,0.2666666666666666,-1.4903290635187876
linear_regression,test,0.2,-1.6381489047660711
linear_regression,test,0.3333333333333333,-1.8842273245611525
linear_regression,test,0.0,-1.9216245160949912
linear_regression,test,0.2666666666666666,-2.2327954518039874
linear_regression,test,0.2,-2.1622697387033902
linear_regression,test,0.6,-2.445093416740564
linear_regression,test,2.466666666666667,1.1282859275723736
linear_regression,test,1.2,1.389977238781297
linear_regression,test,1.2,1.852472191528712
linear_regression,test,0.3333333333333333,1.437604849759433
linear_regression,test,1.0,-0.3808436048706314
linear_regression,test,0.8666666666666667,0.6014184716733109
linear_regression,test,0.4666666666666667,0.5332028736617715
linear_regression,test,1.1333333333333333,0.0971042441686815
linear_regression,test,0.9333333333333332,0.0758932334587978
linear_regression,test,0.8,-0.1457698752306946
linear_regression,test,1.6,-0.0627880089839578
linear_regression,test,0.2,0.0228232454360117
linear_regression,test,0.9333333333333332,-0.6555277838428326
linear_regression,test,1.1333333333333333,-0.2699073841367623
linear_regression,test,0.5333333333333333,-0.9443812338871708
linear_regression,test,0.7333333333333333,-0.859227679173955
linear_regression,test,0.2666666666666666,-1.2578002976229925
linear_regression,test,0.6666666666666666,-1.7266683834362695
linear_regression,test,0.8,-1.4726844212295245
linear_regression,test,0.9333333333333332,-1.5803698210022734
linear_regression,test,0.4666666666666667,-1.3972474425298955
linear_regression,test,1.1333333333333333,-1.822779737656816
linear_regression,test,0.75,-1.807214003406428
linear_regression,test,11.066666666666666,6.91432728061355
linear_regression,test,8.866666666666667,7.93462160471775
linear_regression,test,9.533333333333331,7.133765622351318
linear_regression,test,9.133333333333333,7.93542251106057
linear_regression,test,7.333333333333333,6.791705370728367
linear_regression,test,8.933333333333334,6.908412630085005
linear_regression,test,9.533333333333331,6.7172996284154
linear_regression,test,8.266666666666667,6.497142847139471
linear_regression,test,10.6,6.518744652330558
linear_regression,test,8.4,7.3987347683597156
linear_regression,test,7.533333333333333,6.108133009530726
linear_regression,test,8.133333333333333,6.227720494827512
linear_regression,test,6.8,4.508383307504423
linear_regression,test,8.333333333333334,4.248138179408984
linear_regression,test,9.533333333333331,5.571342122758823
linear_regression,test,7.466666666666667,5.319617035392171
linear_regression,test,6.8,5.211044170739139
linear_regression,test,6.333333333333333,3.815006493367668
linear_regression,test,7.733333333333333,2.801998900190287
linear_regression,test,8.4,4.020260109941481
linear_regression,test,8.4,4.852247366456195
linear_regression,test,7.230769230769231,5.0990282689922655
linear_regression,test,7.6,6.126783589565679
linear_regression,test,6.8,6.457106383792143
linear_regression,test,6.333333333333333,5.576704084497617
linear_regression,test,8.2,4.810106673522471
linear_regression,test,9.266666666666667,5.466716188831609
linear_regression,test,9.733333333333333,6.769725253969634
linear_regression,test,8.733333333333333,8.557615599767953
linear_regression,test,8.8,6.909065202866344
linear_regression,test,10.2,5.580074091163164
linear_regression,test,9.933333333333334,6.727830763257031
linear_regression,test,9.2,6.866097590362352
linear_regression,test,9.866666666666667,6.845813633442073
linear_regression,test,8.666666666666666,6.215173258300151
linear_regression,test,9.666666666666666,5.749759863791078
linear_regression,test,8.533333333333333,6.196832454276707
linear_regression,test,8.666666666666666,5.250072273836549
linear_regression,test,11.6,5.841597795324635
linear_regression,test,11.333333333333334,7.079163770110658
linear_regression,test,12.0,7.93933826421721
linear_regression,test,11.4,9.048992116274407
linear_regression,test,4.0,3.163321320121766
linear_regression,test,5.533333333333333,3.255050793921168
linear_regression,test,3.6666666666666665,4.569306572978338
linear_regression,test,4.333333333333333,3.9167633331031135
linear_regression,test,3.2,3.0536221861946102
linear_regression,test,5.466666666666667,1.821003830761133
linear_regression,test,5.466666666666667,3.3290966808768263
linear_regression,test,4.066666666666666,2.994932807459789
linear_regression,test,5.333333333333333,3.529764784672559
linear_regression,test,6.2,3.181210815393433
linear_regression,test,5.4,3.4317335389283903
linear_regression,test,5.0,4.161051542715489
linear_regression,test,3.533333333333333,3.2933809409110943
linear_regression,test,5.0,1.4836988466194607
linear_regression,test,4.066666666666666,2.320682672898044
linear_regression,test,5.066666666666666,2.285744004440364
linear_regression,test,5.8,2.7371602918413727
linear_regression,test,5.866666666666666,2.4434482835899347
linear_regression,test,6.066666666666666,3.3976626750765124
linear_regression,test,7.5,3.487694214222883
linear_regression,test,4.933333333333334,3.843885845550422
linear_regression,test,5.2,4.64521058938834
linear_regression,test,4.4,4.172226848942211
linear_regression,test,4.666666666666667,3.594810822602449
linear_regression,test,6.266666666666667,3.736880866445635
linear_regression,test,6.466666666666667,4.491898956660558
linear_regression,test,4.933333333333334,5.304361109506224
linear_regression,test,4.333333333333333,4.420154842480189
linear_regression,test,5.866666666666666,2.491341016511792
linear_regression,test,6.333333333333333,3.505540183538147
linear_regression,test,6.466666666666667,4.709077724962911
linear_regression,test,6.4,5.061400478084483
linear_regression,test,5.333333333333333,4.530824273343832
linear_regression,test,7.733333333333333,3.273986471841198
linear_regression,test,4.133333333333334,4.70751098553289
linear_regression,test,5.4,2.508502190486582
linear_regression,test,5.533333333333333,4.361698060442853
linear_regression,test,4.4,2.339093235970402
linear_regression,test,9.666666666666666,8.427830056806403
linear_regression,test,9.4,7.449192817661575
linear_regression,test,10.933333333333334,7.05998407391397
linear_regression,test,13.066666666666666,8.067873433613498
linear_regression,test,14.2,10.13793626140492
linear_regression,test,13.866666666666667,12.39717320323008
linear_regression,test,11.133333333333333,12.006206224818396
linear_regression,test,12.066666666666666,9.296451230966833
linear_regression,test,11.2,9.70568070707498
linear_regression,test,10.4,8.330348378962409
linear_regression,test,9.533333333333331,8.791127753440044
linear_regression,test,12.466666666666669,7.328650816152449
linear_regression,test,9.666666666666666,8.1658081134599
linear_regression,test,11.666666666666666,7.2898005367416605
linear_regression,test,11.066666666666666,9.058070557848952
linear_regression,test,9.666666666666666,7.391136983028614
linear_regression,test,10.909090909090908,8.190621832444053
linear_regression,test,5.2,6.436408629798651
linear_regression,test,7.2,4.095945260620795
linear_regression,test,5.6,4.898105100867429
linear_regression,test,5.333333333333333,4.7252249754688656
linear_regression,test,4.666666666666667,4.777217801853121
linear_regression,test,3.466666666666667,2.9825867492221594
linear_regression,test,5.933333333333334,2.759378776184633
linear_regression,test,7.133333333333334,4.570679008202127
linear_regression,test,7.6,5.320251542031196
linear_regression,test,4.533333333333333,7.280709976300878
linear_regression,test,6.6,4.706524109444254
linear_regression,test,5.933333333333334,4.6418127164030665
linear_regression,test,6.466666666666667,3.678595568360788
linear_regression,test,6.266666666666667,4.483465202044725
linear_regression,test,5.466666666666667,3.1289082849897323
linear_regression,test,4.4,3.505470428445716
linear_regression,test,4.769230769230769,2.7281772497447827
linear_regression,test,1.4,2.3028023551959693
linear_regression,test,1.6,1.2990126641659483
linear_regression,test,2.333333333333333,1.083887027490392
linear_regression,test,2.6,1.563540590962858
linear_regression,test,1.4,2.1840291062409056
linear_regression,test,2.2666666666666666,1.5557938821260686
linear_regression,test,1.3333333333333333,1.3579614071333117
linear_regression,test,2.0,0.5982239078278271
linear_regression,test,2.466666666666667,1.1272544922897811
linear_regression,test,1.6,1.099055904550327
linear_regression,test,2.1333333333333333,1.0490320714445112
linear_regression,test,2.0,1.1174828512480923
linear_regression,test,1.4,0.6116109619538932
linear_regression,test,2.333333333333333,0.7143237346503399
linear_regression,test,2.2666666666666666,0.7687713769371269
linear_regression,test,1.6,0.5954408994542808
linear_regression,test,1.7333333333333334,0.6753208577331256
linear_regression,test,0.3333333333333333,0.1581996660213791
linear_regression,test,6.133333333333334,4.749177606256024
linear_regression,test,5.266666666666667,3.5711156600429588
linear_regression,test,6.466666666666667,4.235098214355202
linear_regression,test,6.466666666666667,5.464076409926141
linear_regression,test,5.6,4.723527860052775
linear_regression,test,6.466666666666667,4.5337559265165055
linear_regression,test,7.533333333333333,4.640856046284098
linear_regression,test,7.066666666666666,5.175030968910017
linear_regression,test,7.733333333333333,5.924283366329917
linear_regression,test,9.866666666666667,6.047673098656514
linear_regression,test,9.066666666666666,7.042802193328659
linear_regression,test,7.733333333333333,7.46583767478764
linear_regression,test,9.133333333333333,5.973764342391534
linear_regression,test,9.466666666666669,5.018814635785205
linear_regression,test,9.6,5.9766090761001776
linear_regression,test,8.266666666666667,7.184169198269825
linear_regression,test,9.142857142857142,6.179394901660908
lstm,test,4.866666666666666,4.777522406313154
lstm,test,4.8,5.232067409571674
lstm,test,5.733333333333333,5.019173150344027
lstm,test,4.733333333333333,5.028080530961354
lstm,test,6.4,5.0932128985308935
lstm,test,6.4,5.539317495955362
lstm,test,5.4,5.254374137189653
lstm,test,4.866666666666666,4.742608014742534
lstm,test,6.8,4.089374158117507
lstm,test,5.133333333333334,4.475096922450596
lstm,test,5.133333333333334,5.129384791851044
lstm,test,6.466666666666667,5.492416631513172
lstm,test,5.466666666666667,5.295532499419319
lstm,test,3.8,5.485684927635724
lstm,test,4.533333333333333,5.174246698286798
lstm,test,5.866666666666666,5.635362243652344
lstm,test,5.2,6.921560748418172
lstm,test,3.333333333333333,6.819893193244933
lstm,test,3.333333333333333,5.560010242462158
lstm,test,4.466666666666667,5.282557842466567
lstm,test,5.8,6.173387569851345
lstm,test,5.666666666666667,6.744611056645711
lstm,test,3.533333333333333,3.293668450249566
lstm,test,0.6666666666666666,3.380744250946575
lstm,test,0.8,2.2580109026696946
lstm,test,0.6666666666666666,1.3352160255114234
lstm,test,0.5333333333333333,0.9989308542675442
lstm,test,1.7333333333333334,1.242293039957682
lstm,test,0.9333333333333332,1.1800252930985555
lstm,test,0.6,1.144772921005885
lstm,test,1.8,1.2174803369575076
lstm,test,2.066666666666667,1.2270772225326962
lstm,test,0.2,1.8336066299014624
lstm,test,0.8,2.1221464488241413
lstm,test,1.2666666666666666,1.6962221874131098
lstm,test,2.466666666666667,1.6542661044332716
lstm,test,2.7333333333333334,3.0444264120525784
lstm,test,3.1333333333333333,4.633236953947279
lstm,test,2.2,5.737676488028633
lstm,test,4.133333333333334,5.167479138904147
lstm,test,4.266666666666667,4.545205542776321
lstm,test,4.133333333333334,4.591413887341817
lstm,test,4.0,5.582857261763679
lstm,test,1.5333333333333334,2.9566698463012773
lstm,test,3.2,2.006323868367407
lstm,test,2.933333333333333,2.00766496145063
lstm,test,2.466666666666667,2.734572905633185
lstm,test,1.933333333333333,3.049999303619067
lstm,test,2.2,2.4671976533201008
lstm,test,2.4,2.135310415923596
lstm,test,1.0666666666666669,2.219169843362437
lstm,test,1.0,1.9305887491338785
lstm,test,3.533333333333333,1.6457744383149675
lstm,test,3.6,2.327673427263896
lstm,test,2.7333333333333334,3.851149243778652
lstm,test,2.333333333333333,5.463998275332981
lstm,test,3.6,4.265407376819187
lstm,test,3.733333333333333,3.058111973934704
lstm,test,2.2,3.3895390315188307
lstm,test,2.8,3.3325785504447096
lstm,test,3.066666666666667,3.118085155553288
lstm,test,4.6,3.1193998270564607
lstm,test,2.6153846153846154,4.555080204539829
lstm,test,0.0,0.4816447130507894
lstm,test,0.6666666666666666,0.2220314615302616
lstm,test,1.0,0.1867231898837618
lstm,test,0.5333333333333333,0.4658532250258657
lstm,test,0.2,0.6934414943059285
lstm,test,0.2,0.5546180354224312
lstm,test,0.3333333333333333,0.2586622200078434
lstm,test,0.3333333333333333,0.2509435374703672
lstm,test,0.0,0.3016539816641145
lstm,test,0.3333333333333333,0.2155951393975151
lstm,test,1.7333333333333334,0.2892267836464776
lstm,test,1.2,1.1500724964671667
lstm,test,0.0666666666666666,2.572111254268222
lstm,test,0.8,2.7604821920394897
lstm,test,1.3333333333333333,1.9575455003314544
lstm,test,0.2,2.096527679761251
lstm,test,0.1333333333333333,2.2674015627966986
lstm,test,1.2,1.9935127231809824
lstm,test,0.4666666666666667,2.2340025610393948
lstm,test,1.4,2.570811367034912
lstm,test,0.0,0.0321636042661135
lstm,test,0.0,-0.0410527547200521
lstm,test,0.2,-0.1137018935547935
lstm,test,0.3333333333333333,-0.0984928717215856
lstm,test,0.0666666666666666,0.0204428093300924
lstm,test,0.0,0.0715295344591139
lstm,test,0.2,0.0117641915877658
lstm,test,0.0666666666666666,-0.0189493543571896
lstm,test,0.0,0.0231416427426867
lstm,test,0.1333333333333333,0.0576840841107897
lstm,test,0.4,0.095023542890946
lstm,test,0.2666666666666666,0.3584607200490103
lstm,test,0.2666666666666666,0.7450779239336649
lstm,test,0.3333333333333333,1.0396451539463465
lstm,test,0.6666666666666666,1.1303146057658724
lstm,test,0.3333333333333333,1.4660346163643732
lstm,test,0.0,1.876251366403368
lstm,test,0.5333333333333333,1.8925110896428423
lstm,test,0.1333333333333333,1.9579115682178072
lstm,test,0.2666666666666666,2.101918829811944
lstm,test,3.866666666666666,3.706314568387137
lstm,test,3.466666666666667,3.624127406213019
lstm,test,4.0,3.695872408317195
lstm,test,3.933333333333333,3.866725938187704
lstm,test,3.6,3.737175825238228
lstm,test,2.6666666666666665,3.654280757572917
lstm,test,3.533333333333333,3.1086368799209594
lstm,test,3.2666666666666666,3.04261338810126
lstm,test,3.733333333333333,2.9961329642269345
lstm,test,4.0,3.3407313532299465
lstm,test,4.333333333333333,3.357551078001658
lstm,test,4.466666666666667,3.61109388007058
lstm,test,4.466666666666667,3.671337203184764
lstm,test,4.533333333333333,3.750298048390282
lstm,test,3.866666666666666,3.788137286239201
lstm,test,3.733333333333333,3.693209665351444
lstm,test,3.733333333333333,3.9752083745267655
lstm,test,4.4,4.337385939227211
lstm,test,4.2,4.702537593576643
lstm,test,4.6,4.468379980987973
lstm,test,4.875,4.839231276512146
lstm,test,7.133333333333334,5.709219974941678
lstm,test,7.533333333333333,4.956784518559775
lstm,test,8.666666666666666,5.443864189253913
lstm,test,8.266666666666667,6.6129274235831375
lstm,test,7.333333333333333,6.898958632681106
lstm,test,7.266666666666667,5.428456788592868
lstm,test,7.8,4.675170458687677
lstm,test,7.333333333333333,4.494230953852335
lstm,test,8.0,5.5461992899576815
lstm,test,7.6,6.623996180958218
lstm,test,8.533333333333333,6.215859988000656
lstm,test,9.066666666666666,6.192836406495836
lstm,test,7.666666666666667,6.23028793334961
lstm,test,7.466666666666667,5.634762848748101
lstm,test,8.666666666666666,5.388407055536906
lstm,test,7.466666666666667,5.87987798055013
lstm,test,7.8,6.7913900534311935
lstm,test,8.466666666666667,7.524951397048103
lstm,test,8.266666666666667,7.439462894863553
lstm,test,7.533333333333333,7.907652090655432
lstm,test,7.727272727272727,7.756075745158727
lstm,test,7.133333333333334,5.184443873829312
lstm,test,7.866666666666666,5.320880595842998
lstm,test,7.066666666666666,6.586491433779398
lstm,test,6.333333333333333,5.468461177084181
lstm,test,7.2,4.903269296222263
lstm,test,7.6,4.722204558054606
lstm,test,6.466666666666667,5.624819281366136
lstm,test,6.6,6.317076449924045
lstm,test,7.866666666666666,5.715619378619724
lstm,test,7.0,5.677937089072333
lstm,test,6.866666666666666,6.04870052072737
lstm,test,6.2,6.019704177644517
lstm,test,7.8,5.0823612027698095
lstm,test,8.6,5.904613492223952
lstm,test,6.533333333333333,6.929953308900196
lstm,test,8.066666666666666,6.533241608407761
lstm,test,7.933333333333334,6.212237222989399
lstm,test,6.733333333333333,5.8827243751949725
lstm,test,6.2,6.93515936003791
lstm,test,7.333333333333333,6.933766496512625
lstm,test,7.133333333333334,8.04385833475325
lstm,test,8.6,8.93062334590488
lstm,test,8.5,9.71126232677036
lstm,test,1.8666666666666667,1.5379993225137392
lstm,test,1.2,1.2496276007758245
lstm,test,1.0666666666666669,1.4779080106152425
lstm,test,0.0,1.4339646288918122
lstm,test,1.0,0.7655373666021558
lstm,test,1.0,0.7283577472799353
lstm,test,1.4,0.7103035996357598
lstm,test,2.8,1.1509928559263545
lstm,test,1.4666666666666666,2.349520726998647
lstm,test,1.0,3.0722274117999606
lstm,test,0.7333333333333333,2.388363585207197
lstm,test,0.7333333333333333,1.457153264681498
lstm,test,1.1333333333333333,1.7603161825074087
lstm,test,1.5333333333333334,1.897869578997294
lstm,test,0.6,1.915398069222768
lstm,test,1.0666666666666669,2.252849941783481
lstm,test,1.0666666666666669,2.205474559466044
lstm,test,0.8,2.0663038439220847
lstm,test,0.2,2.3752109395133125
lstm,test,0.6,2.2957185321384004
lstm,test,0.8,2.3901498635609943
lstm,test,0.8666666666666667,2.6432426293691
lstm,test,2.1666666666666665,2.8968230936262342
lstm,test,1.1333333333333333,0.35837708082464
lstm,test,0.2666666666666666,0.4025912576251559
lstm,test,0.2666666666666666,0.4837194802032576
lstm,test,0.0666666666666666,0.4560326668951245
lstm,test,0.3333333333333333,0.0877815455198287
lstm,test,0.1333333333333333,0.1234742982519997
lstm,test,1.3333333333333333,0.086752745674716
lstm,test,1.1333333333333333,0.5350264072418213
lstm,test,0.5333333333333333,1.1632400671641032
lstm,test,0.4,1.4867011308670044
lstm,test,0.1333333333333333,1.0416805558734472
lstm,test,0.4666666666666667,0.717640421125624
lstm,test,0.2666666666666666,0.9402914245923362
lstm,test,0.2666666666666666,0.8050761395030552
lstm,test,0.2666666666666666,0.7786402304967246
lstm,test,0.2,0.9535017768541972
lstm,test,0.2666666666666666,1.1495199945237902
lstm,test,0.2,1.38520331647661
lstm,test,0.3333333333333333,1.5173505677117245
lstm,test,0.0,1.7765053669611617
lstm,test,0.2666666666666666,1.920966993437873
lstm,test,0.2,2.101763200759888
lstm,test,0.6,2.218359062406752
lstm,test,2.466666666666667,0.8879601567155786
lstm,test,1.2,1.1315859151383243
lstm,test,1.2,1.560750954515404
lstm,test,0.3333333333333333,1.7251343650950328
lstm,test,1.0,0.9603365159697004
lstm,test,0.8666666666666667,0.9119091984298496
lstm,test,0.4666666666666667,0.8286399235328039
lstm,test,1.1333333333333333,0.7255398051606287
lstm,test,0.9333333333333332,0.7958931518925563
lstm,test,0.8,0.8715562541451721
lstm,test,1.6,1.0765588108036257
lstm,test,0.2,1.4563327497906158
lstm,test,0.9333333333333332,1.381340495745341
lstm,test,1.1333333333333333,1.4774047679371305
lstm,test,0.5333333333333333,1.5072162601682877
lstm,test,0.7333333333333333,1.668425492445628
lstm,test,0.2666666666666666,1.8654451847076416
lstm,test,0.6666666666666666,1.743092507786221
lstm,test,0.8,2.1606454584333634
lstm,test,0.9333333333333332,2.349413906203376
lstm,test,0.4666666666666667,2.625783133506775
lstm,test,1.1333333333333333,2.9189696153004965
lstm,test,0.75,2.9961029794481067
lstm,test,11.066666666666666,6.131553406185574
lstm,test,8.866666666666667,5.689323976304795
lstm,test,9.533333333333331,6.824533722135756
lstm,test,9.133333333333333,7.063165415657894
lstm,test,7.333333333333333,5.778677712546452
lstm,test,8.933333333333334,4.423149744669596
lstm,test,9.533333333333331,4.559031216303508
lstm,test,8.266666666666667,6.31422791481018
lstm,test,10.6,7.4129694647259186
lstm,test,8.4,7.008073536554974
lstm,test,7.533333333333333,5.51630497508579
lstm,test,8.133333333333333,5.15405552652147
lstm,test,6.8,4.903709353340997
lstm,test,8.333333333333334,5.456180244021945
lstm,test,9.533333333333331,7.305426285001967
lstm,test,7.466666666666667,8.093992768062487
lstm,test,6.8,7.406523254182604
lstm,test,6.333333333333333,6.017442043622335
lstm,test,7.733333333333333,5.7190411011377975
lstm,test,8.4,7.998423573705885
lstm,test,8.4,9.867335706286962
lstm,test,7.230769230769231,10.13008273707496
lstm,test,7.6,5.967430329322814
lstm,test,6.8,6.794094391663869
lstm,test,6.333333333333333,5.241800909572177
lstm,test,8.2,4.564588541454739
lstm,test,9.266666666666667,5.50572735733456
lstm,test,9.733333333333333,6.5994153579076125
lstm,test,8.733333333333333,5.904882017771403
lstm,test,8.8,4.489635541703965
lstm,test,10.2,4.235046630435519
lstm,test,9.933333333333334,5.657154872682359
lstm,test,9.2,6.634596803453233
lstm,test,9.866666666666667,6.5935791598426
lstm,test,8.666666666666666,6.281688610712687
lstm,test,9.666666666666666,5.988398626115586
lstm,test,8.533333333333333,6.503647470474244
lstm,test,8.666666666666666,6.635484335157605
lstm,test,11.6,7.173357841703627
lstm,test,11.333333333333334,8.075128889083862
lstm,test,12.0,8.34228852589925
lstm,test,11.4,8.044832923677234
lstm,test,4.0,3.1806547936466
lstm,test,5.533333333333333,3.378147826592127
lstm,test,3.6666666666666665,4.294587888320287
lstm,test,4.333333333333333,4.065847420692444
lstm,test,3.2,3.484894961780971
lstm,test,5.466666666666667,2.7752910693486528
lstm,test,5.466666666666667,3.770260175069173
lstm,test,4.066666666666666,4.465394345588154
lstm,test,5.333333333333333,4.412982761859894
lstm,test,6.2,4.018366870615217
lstm,test,5.4,4.290880930423736
lstm,test,5.0,4.944351234700945
lstm,test,3.533333333333333,4.689464362462361
lstm,test,5.0,4.296040811803606
lstm,test,4.066666666666666,6.013771027988857
lstm,test,5.066666666666666,6.137145113945007
lstm,test,5.8,6.282892984814114
lstm,test,5.866666666666666,5.508564113246069
lstm,test,6.066666666666666,6.210195873843298
lstm,test,7.5,6.08731272286839
lstm,test,4.933333333333334,5.093478958805402
lstm,test,5.2,4.991786613729265
lstm,test,4.4,4.613695867856343
lstm,test,4.666666666666667,4.086240103509692
lstm,test,6.266666666666667,4.2154663655493
lstm,test,6.466666666666667,4.978035307592815
lstm,test,4.933333333333334,5.617610412836076
lstm,test,4.333333333333333,4.509000950389439
lstm,test,5.866666666666666,3.1393445279863146
lstm,test,6.333333333333333,3.837740304734972
lstm,test,6.466666666666667,5.583331153459018
lstm,test,6.4,6.329370809925926
lstm,test,5.333333333333333,5.531168901920319
lstm,test,7.733333333333333,4.5160674492518105
lstm,test,4.133333333333334,5.725640504890019
lstm,test,5.4,5.450800045331319
lstm,test,5.533333333333333,7.305232569906447
lstm,test,4.4,6.874414504898919
lstm,test,9.666666666666666,4.72497205734253
lstm,test,9.4,4.745974233415391
lstm,test,10.933333333333334,5.246369287702773
lstm,test,13.066666666666666,6.734651803970337
lstm,test,14.2,7.831464656194054
lstm,test,13.866666666666667,8.087973340352377
lstm,test,11.133333333333333,8.343974632687038
lstm,test,12.066666666666666,7.550314966837567
lstm,test,11.2,7.004385492536756
lstm,test,10.4,6.36238905588786
lstm,test,9.533333333333331,6.728175534142386
lstm,test,12.466666666666669,6.940269909964668
lstm,test,9.666666666666666,7.71766905784607
lstm,test,11.666666666666666,7.67301246854994
lstm,test,11.066666666666666,8.188379780451456
lstm,test,9.666666666666666,7.272405433654786
lstm,test,10.909090909090908,7.137890386581422
lstm,test,5.2,3.4608207013871946
lstm,test,7.2,1.8098698404100209
lstm,test,5.6,2.4484731621212434
lstm,test,5.333333333333333,4.100265383720398
lstm,test,4.666666666666667,5.396036806371477
lstm,test,3.466666666666667,4.487215828895569
lstm,test,5.933333333333334,3.328372030787998
lstm,test,7.133333333333334,4.778508912854725
lstm,test,7.6,6.090824634499021
lstm,test,4.533333333333333,6.641451933317715
lstm,test,6.6,3.326388205422295
lstm,test,5.933333333333334,3.0037706640031603
lstm,test,6.466666666666667,3.984265547328525
lstm,test,6.266666666666667,7.130383749802907
lstm,test,5.466666666666667,6.763023568524254
lstm,test,4.4,6.72072780529658
lstm,test,4.769230769230769,6.01638915406333
lstm,test,1.4,2.2150401486290825
lstm,test,1.6,2.048958522412512
lstm,test,2.333333333333333,1.6422441797124012
lstm,test,2.6,1.8572575913535223
lstm,test,1.4,2.3524291025267705
lstm,test,2.2666666666666666,2.313129714793629
lstm,test,1.3333333333333333,2.163195235364967
lstm,test,2.0,1.7337812061111133
lstm,test,2.466666666666667,2.092803991834322
lstm,test,1.6,2.2437232693036395
lstm,test,2.1333333333333333,2.317872346772088
lstm,test,2.0,2.3840811888376874
lstm,test,1.4,2.2909161395496795
lstm,test,2.333333333333333,2.3370218780305647
lstm,test,2.2666666666666666,2.563475663132138
lstm,test,1.6,2.739222347736358
lstm,test,1.7333333333333334,3.008597616354624
lstm,test,0.3333333333333333,2.888822070757548
lstm,test,6.133333333333334,3.134040286805895
lstm,test,5.266666666666667,2.81193814277649
lstm,test,6.466666666666667,4.082698252465989
lstm,test,6.466666666666667,5.324466166231368
lstm,test,5.6,5.600544814268748
lstm,test,6.466666666666667,5.020720134841072
lstm,test,7.533333333333333,5.191834043131934
lstm,test,7.066666666666666,5.521362336476645
lstm,test,7.733333333333333,5.745112122429742
lstm,test,9.866666666666667,5.145495918061998
lstm,test,9.066666666666666,5.194219244851006
lstm,test,7.733333333333333,5.023230605655245
lstm,test,9.133333333333333,4.506944232516817
lstm,test,9.466666666666669,4.789440372255113
lstm,test,9.6,5.797902928458321
lstm,test,8.266666666666667,7.112949991226197
lstm,test,9.142857142857142,6.549128717846342
tcn,test,4.866666666666666,5.187868595123291
tcn,test,4.8,5.140405654907227
tcn,test,5.733333333333333,4.46070671081543
tcn,test,4.733333333333333,4.801723003387451
tcn,test,6.4,4.722702980041504
tcn,test,6.4,5.333897113800049
tcn,test,5.4,4.640080451965332
tcn,test,4.866666666666666,4.471395492553711
tcn,test,6.8,3.670713663101196
tcn,test,5.133333333333334,4.775390625
tcn,test,5.133333333333334,4.920601844787598
tcn,test,6.466666666666667,5.451080799102783
tcn,test,5.466666666666667,5.03864049911499
tcn,test,3.8,5.525582313537598
tcn,test,4.533333333333333,4.860716819763184
tcn,test,5.866666666666666,4.788275718688965
tcn,test,5.2,5.919113159179688
tcn,test,3.333333333333333,6.14799690246582
tcn,test,3.333333333333333,5.095513343811035
tcn,test,4.466666666666667,4.909551620483398
tcn,test,5.8,5.565957069396973
tcn,test,5.666666666666667,6.755125999450684
tcn,test,3.533333333333333,4.117453575134277
tcn,test,0.6666666666666666,3.8769686222076416
tcn,test,0.8,2.116729736328125
tcn,test,0.6666666666666666,1.359487533569336
tcn,test,0.5333333333333333,1.1210048198699951
tcn,test,1.7333333333333334,1.1932783126831057
tcn,test,0.9333333333333332,0.4132846593856811
tcn,test,0.6,0.1032900065183639
tcn,test,1.8,0.1145510524511337
tcn,test,2.066666666666667,0.369012713432312
tcn,test,0.2,0.881596565246582
tcn,test,0.8,1.0419518947601318
tcn,test,1.2666666666666666,1.006387710571289
tcn,test,2.466666666666667,1.2513766288757324
tcn,test,2.7333333333333334,2.1865222454071045
tcn,test,3.1333333333333333,3.388683557510376
tcn,test,2.2,3.946356058120728
tcn,test,4.133333333333334,3.2969110012054443
tcn,test,4.266666666666667,4.088841915130615
tcn,test,4.133333333333334,4.41793966293335
tcn,test,4.0,5.086912155151367
tcn,test,1.5333333333333334,2.5501303672790527
tcn,test,3.2,1.8550965785980225
tcn,test,2.933333333333333,1.9736649990081787
tcn,test,2.466666666666667,2.3818721771240234
tcn,test,1.933333333333333,2.381174325942993
tcn,test,2.2,1.6640644073486328
tcn,test,2.4,1.428433895111084
tcn,test,1.0666666666666669,1.7003281116485596
tcn,test,1.0,0.9931931495666504
tcn,test,3.533333333333333,0.874355673789978
tcn,test,3.6,1.5375043153762815
tcn,test,2.7333333333333334,3.232383728027344
tcn,test,2.333333333333333,4.29373836517334
tcn,test,3.6,2.453208923339844
tcn,test,3.733333333333333,2.9637837409973145
tcn,test,2.2,3.556683301925659
tcn,test,2.8,3.3476815223693848
tcn,test,3.066666666666667,3.4896366596221924
tcn,test,4.6,3.807771444320679
tcn,test,2.6153846153846154,5.304224967956543
tcn,test,0.0,0.682060956954956
tcn,test,0.6666666666666666,0.3366968035697937
tcn,test,1.0,0.0966275781393051
tcn,test,0.5333333333333333,0.1197254210710525
tcn,test,0.2,0.1193641275167465
tcn,test,0.2,-0.0657977014780044
tcn,test,0.3333333333333333,-0.0771181136369705
tcn,test,0.3333333333333333,-0.0526698678731918
tcn,test,0.0,-0.0428790599107742
tcn,test,0.3333333333333333,0.0239826887845993
tcn,test,1.7333333333333334,0.1593630164861679
tcn,test,1.2,0.5989567041397095
tcn,test,0.0666666666666666,1.4271477460861206
tcn,test,0.8,1.4332704544067385
tcn,test,1.3333333333333333,1.422213792800903
tcn,test,0.2,1.638048529624939
tcn,test,0.1333333333333333,1.780043601989746
tcn,test,1.2,1.9037518501281736
tcn,test,0.4666666666666667,2.1574971675872803
tcn,test,1.4,2.39703106880188
tcn,test,0.0,0.4170092344284057
tcn,test,0.0,0.170637235045433
tcn,test,0.2,-0.0525363236665725
tcn,test,0.3333333333333333,-0.2138434797525406
tcn,test,0.0666666666666666,-0.2551645040512085
tcn,test,0.0,-0.2698681950569153
tcn,test,0.2,-0.2822997570037842
tcn,test,0.0666666666666666,-0.1998347789049148
tcn,test,0.0,-0.1279178410768509
tcn,test,0.1333333333333333,-0.0390865951776504
tcn,test,0.4,0.1051913648843765
tcn,test,0.2666666666666666,0.3222148418426513
tcn,test,0.2666666666666666,0.6276274919509888
tcn,test,0.3333333333333333,0.9015491008758544
tcn,test,0.6666666666666666,1.1168397665023804
tcn,test,0.3333333333333333,1.3637828826904297
tcn,test,0.0,1.6227954626083374
tcn,test,0.5333333333333333,1.7811802625656128
tcn,test,0.1333333333333333,2.015026807785034
tcn,test,0.2666666666666666,2.2419819831848145
tcn,test,3.866666666666666,3.395160436630249
tcn,test,3.466666666666667,3.313267469406128
tcn,test,4.0,3.4923465251922607
tcn,test,3.933333333333333,3.492987871170044
tcn,test,3.6,3.2068591117858887
tcn,test,2.6666666666666665,2.995016098022461
tcn,test,3.533333333333333,2.3997690677642822
tcn,test,3.2666666666666666,2.308814764022827
tcn,test,3.733333333333333,2.2891345024108887
tcn,test,4.0,3.001546621322632
tcn,test,4.333333333333333,2.89434027671814
tcn,test,4.466666666666667,3.229626417160034
tcn,test,4.466666666666667,3.408184289932251
tcn,test,4.533333333333333,3.4857022762298584
tcn,test,3.866666666666666,3.8663079738616943
tcn,test,3.733333333333333,4.045577049255371
tcn,test,3.733333333333333,4.323169708251953
tcn,test,4.4,4.468091011047363
tcn,test,4.2,5.030056476593018
tcn,test,4.6,5.065016746520996
tcn,test,4.875,5.356752395629883
tcn,test,7.133333333333334,5.901087760925293
tcn,test,7.533333333333333,5.525184631347656
tcn,test,8.666666666666666,6.542045593261719
tcn,test,8.266666666666667,7.779689788818359
tcn,test,7.333333333333333,7.252148628234863
tcn,test,7.266666666666667,6.035037994384766
tcn,test,7.8,4.947348594665527
tcn,test,7.333333333333333,5.815457820892334
tcn,test,8.0,7.081879138946533
tcn,test,7.6,7.658345222473144
tcn,test,8.533333333333333,7.001614570617676
tcn,test,9.066666666666666,7.671092510223389
tcn,test,7.666666666666667,7.689704895019531
tcn,test,7.466666666666667,7.353660583496094
tcn,test,8.666666666666666,7.175472736358643
tcn,test,7.466666666666667,8.05850601196289
tcn,test,7.8,8.61762809753418
tcn,test,8.466666666666667,9.188922882080078
tcn,test,8.266666666666667,8.843055725097656
tcn,test,7.533333333333333,9.51243782043457
tcn,test,7.727272727272727,9.002607345581055
tcn,test,7.133333333333334,5.300713062286377
tcn,test,7.866666666666666,6.938414096832275
tcn,test,7.066666666666666,7.160157203674316
tcn,test,6.333333333333333,5.249566078186035
tcn,test,7.2,4.812979698181152
tcn,test,7.6,5.077938556671143
tcn,test,6.466666666666667,6.513151168823242
tcn,test,6.6,6.483643531799316
tcn,test,7.866666666666666,5.733626842498779
tcn,test,7.0,6.369703769683838
tcn,test,6.866666666666666,6.730929374694824
tcn,test,6.2,6.65870475769043
tcn,test,7.8,5.519561767578125
tcn,test,8.6,7.163466453552246
tcn,test,6.533333333333333,7.740372180938721
tcn,test,8.066666666666666,6.947055816650391
tcn,test,7.933333333333334,7.292835235595703
tcn,test,6.733333333333333,7.291899681091309
tcn,test,6.2,8.284431457519531
tcn,test,7.333333333333333,7.414792060852051
tcn,test,7.133333333333334,8.168325424194336
tcn,test,8.6,8.63768196105957
tcn,test,8.5,9.632163047790527
tcn,test,1.8666666666666667,1.3436665534973145
tcn,test,1.2,1.3178142309188845
tcn,test,1.0666666666666669,1.1799266338348389
tcn,test,0.0,0.9180073738098145
tcn,test,1.0,0.2795597910881042
tcn,test,1.0,0.2643077969551086
tcn,test,1.4,0.033531054854393
tcn,test,2.8,0.2766168117523193
tcn,test,1.4666666666666666,1.4424878358840942
tcn,test,1.0,1.5314923524856567
tcn,test,0.7333333333333333,0.9576245546340942
tcn,test,0.7333333333333333,1.085984706878662
tcn,test,1.1333333333333333,1.2261196374893188
tcn,test,1.5333333333333334,1.1339988708496094
tcn,test,0.6,1.26094388961792
tcn,test,1.0666666666666669,1.424726486206055
tcn,test,1.0666666666666669,1.529653787612915
tcn,test,0.8,1.809313535690308
tcn,test,0.2,2.030871629714966
tcn,test,0.6,2.248228073120117
tcn,test,0.8,2.4498937129974365
tcn,test,0.8666666666666667,2.6336140632629395
tcn,test,2.1666666666666665,2.894390344619751
tcn,test,1.1333333333333333,0.4734128713607788
tcn,test,0.2666666666666666,0.4993321895599365
tcn,test,0.2666666666666666,0.2751318216323852
tcn,test,0.0666666666666666,0.096155509352684
tcn,test,0.3333333333333333,-0.0645191818475723
tcn,test,0.1333333333333333,-0.2107424587011337
tcn,test,1.3333333333333333,-0.2713679671287536
tcn,test,1.1333333333333333,-0.0630125850439071
tcn,test,0.5333333333333333,0.2524213194847107
tcn,test,0.4,0.2208121865987777
tcn,test,0.1333333333333333,0.427122950553894
tcn,test,0.4666666666666667,0.6385306119918823
tcn,test,0.2666666666666666,0.741761326789856
tcn,test,0.2666666666666666,0.7794384956359863
tcn,test,0.2666666666666666,0.8825689554214478
tcn,test,0.2,1.107874870300293
tcn,test,0.2666666666666666,1.270302414894104
tcn,test,0.2,1.4630309343338013
tcn,test,0.3333333333333333,1.6580058336257937
tcn,test,0.0,1.8791052103042605
tcn,test,0.2666666666666666,2.118673324584961
tcn,test,0.2,2.337308168411255
tcn,test,0.6,2.56793475151062
tcn,test,2.466666666666667,0.837588906288147
tcn,test,1.2,1.1472675800323486
tcn,test,1.2,1.2285234928131104
tcn,test,0.3333333333333333,1.2881877422332764
tcn,test,1.0,0.526053786277771
tcn,test,0.8666666666666667,0.5237599015235901
tcn,test,0.4666666666666667,0.1280467063188552
tcn,test,1.1333333333333333,-0.0521707981824874
tcn,test,0.9333333333333332,0.0269825011491775
tcn,test,0.8,0.1336391419172287
tcn,test,1.6,0.3446802496910095
tcn,test,0.2,0.6542792320251465
tcn,test,0.9333333333333332,0.8171268701553345
tcn,test,1.1333333333333333,0.9266191720962524
tcn,test,0.5333333333333333,1.140631914138794
tcn,test,0.7333333333333333,1.262857437133789
tcn,test,0.2666666666666666,1.5116612911224363
tcn,test,0.6666666666666666,1.697141170501709
tcn,test,0.8,1.9267921447753904
tcn,test,0.9333333333333332,2.0956852436065674
tcn,test,0.4666666666666667,2.3822615146636963
tcn,test,1.1333333333333333,2.6351206302642822
tcn,test,0.75,2.8397881984710693
tcn,test,11.066666666666666,6.0000104904174805
tcn,test,8.866666666666667,8.025742530822754
tcn,test,9.533333333333331,8.447654724121094
tcn,test,9.133333333333333,8.611377716064453
tcn,test,7.333333333333333,5.865443706512451
tcn,test,8.933333333333334,4.938241958618164
tcn,test,9.533333333333331,6.906628131866455
tcn,test,8.266666666666667,8.455702781677246
tcn,test,10.6,8.72628402709961
tcn,test,8.4,8.555609703063965
tcn,test,7.533333333333333,6.8927202224731445
tcn,test,8.133333333333333,7.088560581207275
tcn,test,6.8,6.569746971130371
tcn,test,8.333333333333334,7.0587158203125
tcn,test,9.533333333333331,9.400863647460938
tcn,test,7.466666666666667,9.112092971801758
tcn,test,6.8,8.311017990112305
tcn,test,6.333333333333333,7.21802806854248
tcn,test,7.733333333333333,6.911747932434082
tcn,test,8.4,9.151947021484377
tcn,test,8.4,9.597524642944336
tcn,test,7.230769230769231,9.5611572265625
tcn,test,7.6,7.172372817993164
tcn,test,6.8,7.517205238342285
tcn,test,6.333333333333333,5.012523174285889
tcn,test,8.2,4.917050361633301
tcn,test,9.266666666666667,6.467776298522949
tcn,test,9.733333333333333,7.612220764160156
tcn,test,8.733333333333333,7.801132678985596
tcn,test,8.8,5.451394557952881
tcn,test,10.2,6.084002494812012
tcn,test,9.933333333333334,8.17940616607666
tcn,test,9.2,9.088380813598633
tcn,test,9.866666666666667,8.727156639099121
tcn,test,8.666666666666666,8.794727325439453
tcn,test,9.666666666666666,8.3236083984375
tcn,test,8.533333333333333,10.08222770690918
tcn,test,8.666666666666666,9.045928001403809
tcn,test,11.6,10.020601272583008
tcn,test,11.333333333333334,11.122478485107422
tcn,test,12.0,11.21236801147461
tcn,test,11.4,11.58603286743164
tcn,test,4.0,2.865433931350708
tcn,test,5.533333333333333,3.3061838150024414
tcn,test,3.6666666666666665,4.350847244262695
tcn,test,4.333333333333333,4.256448268890381
tcn,test,3.2,2.969082355499268
tcn,test,5.466666666666667,2.09897255897522
tcn,test,5.466666666666667,3.8819403648376474
tcn,test,4.066666666666666,4.28240442276001
tcn,test,5.333333333333333,3.734722375869751
tcn,test,6.2,3.603948354721069
tcn,test,5.4,4.265325546264648
tcn,test,5.0,5.144062519073486
tcn,test,3.533333333333333,4.311783313751221
tcn,test,5.0,4.008996963500977
tcn,test,4.066666666666666,5.340396881103516
tcn,test,5.066666666666666,4.759209632873535
tcn,test,5.8,5.999200820922852
tcn,test,5.866666666666666,5.375245571136475
tcn,test,6.066666666666666,6.010002136230469
tcn,test,7.5,5.968057632446289
tcn,test,4.933333333333334,5.286960124969482
tcn,test,5.2,5.099192142486572
tcn,test,4.4,4.311012268066406
tcn,test,4.666666666666667,3.4280474185943604
tcn,test,6.266666666666667,3.804795265197754
tcn,test,6.466666666666667,4.78741979598999
tcn,test,4.933333333333334,5.435323715209961
tcn,test,4.333333333333333,4.006656169891357
tcn,test,5.866666666666666,3.0949866771698
tcn,test,6.333333333333333,4.252429962158203
tcn,test,6.466666666666667,6.150850296020508
tcn,test,6.4,6.43714714050293
tcn,test,5.333333333333333,5.421721935272217
tcn,test,7.733333333333333,4.848574638366699
tcn,test,4.133333333333334,6.95660400390625
tcn,test,5.4,5.495041847229004
tcn,test,5.533333333333333,7.11488151550293
tcn,test,4.4,5.938026428222656
tcn,test,9.666666666666666,5.666876792907715
tcn,test,9.4,5.570682525634766
tcn,test,10.933333333333334,7.452762603759766
tcn,test,13.066666666666666,9.250442504882812
tcn,test,14.2,10.014628410339355
tcn,test,13.866666666666667,10.29156494140625
tcn,test,11.133333333333333,8.484073638916016
tcn,test,12.066666666666666,6.845283031463623
tcn,test,11.2,7.462308883666992
tcn,test,10.4,8.451274871826172
tcn,test,9.533333333333331,10.822593688964844
tcn,test,12.466666666666669,9.645496368408203
tcn,test,9.666666666666666,12.254886627197266
tcn,test,11.666666666666666,10.974940299987791
tcn,test,11.066666666666666,12.379128456115724
tcn,test,9.666666666666666,10.171134948730469
tcn,test,10.909090909090908,11.422380447387695
tcn,test,5.2,6.597432613372803
tcn,test,7.2,3.396844387054444
tcn,test,5.6,3.983665227890015
tcn,test,5.333333333333333,4.955219268798828
tcn,test,4.666666666666667,5.68468189239502
tcn,test,3.466666666666667,2.9033353328704834
tcn,test,5.933333333333334,2.52463436126709
tcn,test,7.133333333333334,5.1082377433776855
tcn,test,7.6,6.109338283538818
tcn,test,4.533333333333333,7.407798767089844
tcn,test,6.6,3.9313910007476807
tcn,test,5.933333333333334,4.774989128112793
tcn,test,6.466666666666667,5.07224702835083
tcn,test,6.266666666666667,8.108560562133789
tcn,test,5.466666666666667,6.182353019714356
tcn,test,4.4,6.333219051361084
tcn,test,4.769230769230769,5.9490251541137695
tcn,test,1.4,2.693332433700561
tcn,test,1.6,1.709650635719299
tcn,test,2.333333333333333,1.476542592048645
tcn,test,2.6,1.5331090688705444
tcn,test,1.4,1.8299680948257449
tcn,test,2.2666666666666666,1.3372784852981567
tcn,test,1.3333333333333333,1.0902401208877563
tcn,test,2.0,1.1047192811965942
tcn,test,2.466666666666667,1.4142589569091797
tcn,test,1.6,1.288555383682251
tcn,test,2.1333333333333333,1.2345373630523682
tcn,test,2.0,1.5426543951034546
tcn,test,1.4,1.6663607358932495
tcn,test,2.333333333333333,1.868744969367981
tcn,test,2.2666666666666666,2.18555235862732
tcn,test,1.6,2.479661226272583
tcn,test,1.7333333333333334,2.7685792446136475
tcn,test,0.3333333333333333,2.924967050552368
tcn,test,6.133333333333334,4.150407791137695
tcn,test,5.266666666666667,3.633868455886841
tcn,test,6.466666666666667,4.410359859466553
tcn,test,6.466666666666667,5.957571506500244
tcn,test,5.6,5.065549850463867
tcn,test,6.466666666666667,4.895482063293457
tcn,test,7.533333333333333,5.174442291259766
tcn,test,7.066666666666666,5.904388427734375
tcn,test,7.733333333333333,6.205706596374512
tcn,test,9.866666666666667,6.064126968383789
tcn,test,9.066666666666666,7.166222095489502
tcn,test,7.733333333333333,7.377883434295654
tcn,test,9.133333333333333,6.799943923950195
tcn,test,9.466666666666669,7.523442268371582
tcn,test,9.6,9.446468353271484
tcn,test,8.266666666666667,10.45997428894043
tcn,test,9.142857142857142,8.837203979492188
tcn_lstm_hybrid,test,4.866666666666666,4.003463408682081
tcn_lstm_hybrid,test,4.8,4.531794979837206
tcn_lstm_hybrid,test,5.733333333333333,4.342408718003167
tcn_lstm_hybrid,test,4.733333333333333,4.590387054284413
tcn_lstm_hybrid,test,6.4,4.696353679233127
tcn_lstm_hybrid,test,6.4,5.205734409226312
tcn_lstm_hybrid,test,5.4,4.42659609582689
tcn_lstm_hybrid,test,4.866666666666666,4.366135780016582
tcn_lstm_hybrid,test,6.8,3.326973411771987
tcn_lstm_hybrid,test,5.133333333333334,3.7325721793704565
tcn_lstm_hybrid,test,5.133333333333334,4.066412782669068
tcn_lstm_hybrid,test,6.466666666666667,4.911797504954868
tcn_lstm_hybrid,test,5.466666666666667,4.964130674468147
tcn_lstm_hybrid,test,3.8,5.280371528201634
tcn_lstm_hybrid,test,4.533333333333333,5.015376746323374
tcn_lstm_hybrid,test,5.866666666666666,5.351421213150025
tcn_lstm_hybrid,test,5.2,6.415255173047384
tcn_lstm_hybrid,test,3.333333333333333,6.627764654159545
tcn_lstm_hybrid,test,3.333333333333333,6.256582427024841
tcn_lstm_hybrid,test,4.466666666666667,6.066339609358046
tcn_lstm_hybrid,test,5.8,6.415591282314724
tcn_lstm_hybrid,test,5.666666666666667,6.603135379155477
tcn_lstm_hybrid,test,3.533333333333333,3.8407229794396294
tcn_lstm_hybrid,test,0.6666666666666666,3.9052234464221534
tcn_lstm_hybrid,test,0.8,2.952502527501848
tcn_lstm_hybrid,test,0.6666666666666666,2.1196359793345128
tcn_lstm_hybrid,test,0.5333333333333333,1.4193463749355741
tcn_lstm_hybrid,test,1.7333333333333334,1.2636346022288003
tcn_lstm_hybrid,test,0.9333333333333332,0.9414031045304403
tcn_lstm_hybrid,test,0.6,0.7051337401072186
tcn_lstm_hybrid,test,1.8,0.6639247589641146
tcn_lstm_hybrid,test,2.066666666666667,0.6862481302685208
tcn_lstm_hybrid,test,0.2,1.3958235227399403
tcn_lstm_hybrid,test,0.8,2.0121708128187397
tcn_lstm_hybrid,test,1.2666666666666666,2.500658215416802
tcn_lstm_hybrid,test,2.466666666666667,2.5489953014585707
tcn_lstm_hybrid,test,2.7333333333333334,3.4047460264629787
tcn_lstm_hybrid,test,3.1333333333333333,4.583402464124891
tcn_lstm_hybrid,test,2.2,5.781719790564644
tcn_lstm_hybrid,test,4.133333333333334,5.595683675342135
tcn_lstm_hybrid,test,4.266666666666667,5.419986555311416
tcn_lstm_hybrid,test,4.133333333333334,4.7964940388997395
tcn_lstm_hybrid,test,4.0,5.005802641974555
tcn_lstm_hybrid,test,1.5333333333333334,3.37956481774648
tcn_lstm_hybrid,test,3.2,2.708779165479872
tcn_lstm_hybrid,test,2.933333333333333,2.542913740211063
tcn_lstm_hybrid,test,2.466666666666667,2.7454037550422883
tcn_lstm_hybrid,test,1.9333333333333331,3.0128612289826076
tcn_lstm_hybrid,test,2.2,2.63524253335264
tcn_lstm_hybrid,test,2.4,2.435240861773491
tcn_lstm_hybrid,test,1.0666666666666669,2.3816510842906102
tcn_lstm_hybrid,test,1.0,2.287744634681278
tcn_lstm_hybrid,test,3.533333333333333,2.4706891470485264
tcn_lstm_hybrid,test,3.6,2.845427862803141
tcn_lstm_hybrid,test,2.7333333333333334,4.050379557079738
tcn_lstm_hybrid,test,2.333333333333333,5.974505143695408
tcn_lstm_hybrid,test,3.6,5.504361682467991
tcn_lstm_hybrid,test,3.733333333333333,4.045323067241245
tcn_lstm_hybrid,test,2.2,3.5202980770005126
tcn_lstm_hybrid,test,2.8,3.2105119781361693
tcn_lstm_hybrid,test,3.066666666666667,3.0576654917664
tcn_lstm_hybrid,test,4.6,3.121533375316196
tcn_lstm_hybrid,test,2.6153846153846154,4.0812980824046665
tcn_lstm_hybrid,test,0.0,0.5856128192610212
tcn_lstm_hybrid,test,0.6666666666666666,0.2607567929559284
tcn_lstm_hybrid,test,1.0,0.1322402679257922
tcn_lstm_hybrid,test,0.5333333333333333,0.2523628804418775
tcn_lstm_hybrid,test,0.2,0.32658933003743484
tcn_lstm_hybrid,test,0.2,0.011526440249549075
tcn_lstm_hybrid,test,0.3333333333333333,-0.21649036937289767
tcn_lstm_hybrid,test,0.3333333333333333,-0.24117659065458513
tcn_lstm_hybrid,test,0.0,-0.2914689011043972
tcn_lstm_hybrid,test,0.3333333333333333,-0.33468519316779244
tcn_lstm_hybrid,test,1.7333333333333334,-0.21694867478476632
tcn_lstm_hybrid,test,1.2,0.5160846375756795
tcn_lstm_hybrid,test,0.0666666666666666,1.806451564364963
tcn_lstm_hybrid,test,0.8,2.5991615056991577
tcn_lstm_hybrid,test,1.3333333333333333,2.4753244929843476
tcn_lstm_hybrid,test,0.2,2.6345912059148153
tcn_lstm_hybrid,test,0.1333333333333333,2.6261960135565863
tcn_lstm_hybrid,test,1.2,2.545704338285658
tcn_lstm_hybrid,test,0.4666666666666667,2.7083543247646755
tcn_lstm_hybrid,test,1.4,2.824292755126953
tcn_lstm_hybrid,test,0.0,0.2463008380598491
tcn_lstm_hybrid,test,0.0,0.03750755290190372
tcn_lstm_hybrid,test,0.2,-0.257008014784919
tcn_lstm_hybrid,test,0.3333333333333333,-0.4020130594571432
tcn_lstm_hybrid,test,0.0666666666666666,-0.3950661910904779
tcn_lstm_hybrid,test,0.0,-0.4842588186264039
tcn_lstm_hybrid,test,0.2,-0.6208141366640728
tcn_lstm_hybrid,test,0.0666666666666666,-0.6603688544697233
tcn_lstm_hybrid,test,0.0,-0.6333335585064359
tcn_lstm_hybrid,test,0.1333333333333333,-0.582564229435391
tcn_lstm_hybrid,test,0.4,-0.48637878497441617
tcn_lstm_hybrid,test,0.2666666666666666,-0.20401691330803773
tcn_lstm_hybrid,test,0.2666666666666666,0.17784012953440342
tcn_lstm_hybrid,test,0.3333333333333333,0.7534727639622157
tcn_lstm_hybrid,test,0.6666666666666666,1.1712016635470919
tcn_lstm_hybrid,test,0.3333333333333333,1.608718122376336
tcn_lstm_hybrid,test,0.0,1.9798844125535753
tcn_lstm_hybrid,test,0.5333333333333333,2.1601162751515703
tcn_lstm_hybrid,test,0.1333333333333333,2.2712156348758272
tcn_lstm_hybrid,test,0.2666666666666666,2.347894801033868
tcn_lstm_hybrid,test,3.8666666666666663,3.41200782822238
tcn_lstm_hybrid,test,3.466666666666667,3.2995028230879044
tcn_lstm_hybrid,test,4.0,3.2906148778067696
tcn_lstm_hybrid,test,3.933333333333333,3.6165452318059064
tcn_lstm_hybrid,test,3.6,3.4937633752822874
tcn_lstm_hybrid,test,2.6666666666666665,3.3972275760438713
tcn_lstm_hybrid,test,3.533333333333333,2.645583117008209
tcn_lstm_hybrid,test,3.2666666666666666,2.6133648316065465
tcn_lstm_hybrid,test,3.733333333333333,2.9534729364845487
tcn_lstm_hybrid,test,4.0,3.653188571996159
tcn_lstm_hybrid,test,4.333333333333333,3.639794255296389
tcn_lstm_hybrid,test,4.466666666666667,3.4992595924271477
tcn_lstm_hybrid,test,4.466666666666667,3.6126758615175882
tcn_lstm_hybrid,test,4.533333333333333,3.8103952063454516
tcn_lstm_hybrid,test,3.8666666666666663,4.075476317935521
tcn_lstm_hybrid,test,3.733333333333333,4.264300587111049
tcn_lstm_hybrid,test,3.733333333333333,4.64252239730623
tcn_lstm_hybrid,test,4.4,5.133587347136604
tcn_lstm_hybrid,test,4.2,5.176786062452528
tcn_lstm_hybrid,test,4.6,4.811539120144315
tcn_lstm_hybrid,test,4.875,4.6902683019638065
tcn_lstm_hybrid,test,7.133333333333334,4.904161495632596
tcn_lstm_hybrid,test,7.533333333333333,4.677528889973959
tcn_lstm_hybrid,test,8.666666666666666,4.630487643347846
tcn_lstm_hybrid,test,8.266666666666667,5.48014603720771
tcn_lstm_hybrid,test,7.333333333333333,5.64005167219374
tcn_lstm_hybrid,test,7.266666666666667,5.255819087558322
tcn_lstm_hybrid,test,7.8,4.669339693917169
tcn_lstm_hybrid,test,7.333333333333333,4.548016993204752
tcn_lstm_hybrid,test,8.0,4.745604960123697
tcn_lstm_hybrid,test,7.6,5.367983145183987
tcn_lstm_hybrid,test,8.533333333333333,5.204054334428574
tcn_lstm_hybrid,test,9.066666666666666,5.887947681215074
tcn_lstm_hybrid,test,7.666666666666667,6.1989952564239506
tcn_lstm_hybrid,test,7.466666666666667,6.105300988091363
tcn_lstm_hybrid,test,8.666666666666666,5.569686237970988
tcn_lstm_hybrid,test,7.466666666666667,5.647835906346639
tcn_lstm_hybrid,test,7.8,6.1591539303461715
tcn_lstm_hybrid,test,8.466666666666667,7.031608401404487
tcn_lstm_hybrid,test,8.266666666666667,7.158483201927609
tcn_lstm_hybrid,test,7.533333333333333,7.593420098887549
tcn_lstm_hybrid,test,7.727272727272727,7.4844884925418445
tcn_lstm_hybrid,test,7.133333333333334,4.42506079143948
tcn_lstm_hybrid,test,7.866666666666666,4.835356775919597
tcn_lstm_hybrid,test,7.066666666666666,5.374295918146768
tcn_lstm_hybrid,test,6.333333333333333,4.682942411634657
tcn_lstm_hybrid,test,7.2,4.31777835422092
tcn_lstm_hybrid,test,7.6,4.078615538279215
tcn_lstm_hybrid,test,6.466666666666667,4.563134076860216
tcn_lstm_hybrid,test,6.6,4.805698400073581
tcn_lstm_hybrid,test,7.866666666666666,4.397377067142063
tcn_lstm_hybrid,test,7.0,4.676036177741156
tcn_lstm_hybrid,test,6.866666666666666,5.055186578962538
tcn_lstm_hybrid,test,6.2,5.1664624955919045
tcn_lstm_hybrid,test,7.8,4.220113378100925
tcn_lstm_hybrid,test,8.6,5.021840450498793
tcn_lstm_hybrid,test,6.533333333333333,6.175761493047077
tcn_lstm_hybrid,test,8.066666666666666,6.223635771539475
tcn_lstm_hybrid,test,7.933333333333334,6.208538635571796
tcn_lstm_hybrid,test,6.733333333333333,5.931784243053859
tcn_lstm_hybrid,test,6.2,6.477080737219917
tcn_lstm_hybrid,test,7.333333333333333,6.159141955110762
tcn_lstm_hybrid,test,7.133333333333334,6.830170899960731
tcn_lstm_hybrid,test,8.6,7.565745764308505
tcn_lstm_hybrid,test,8.5,8.348641317420537
tcn_lstm_hybrid,test,1.8666666666666667,1.9162826220194498
tcn_lstm_hybrid,test,1.2,1.5404328809844121
tcn_lstm_hybrid,test,1.0666666666666669,1.5706089837683568
tcn_lstm_hybrid,test,0.0,1.351118751035796
tcn_lstm_hybrid,test,1.0,0.7772766653034421
tcn_lstm_hybrid,test,1.0,0.6778421961598925
tcn_lstm_hybrid,test,1.4,0.2730636397997537
tcn_lstm_hybrid,test,2.8,0.6954088290532427
tcn_lstm_hybrid,test,1.4666666666666666,1.6182343055804569
tcn_lstm_hybrid,test,1.0,2.4192561440997653
tcn_lstm_hybrid,test,0.7333333333333333,2.4792434427473276
tcn_lstm_hybrid,test,0.7333333333333333,2.290514055887858
tcn_lstm_hybrid,test,1.1333333333333333,2.6990319384468924
tcn_lstm_hybrid,test,1.5333333333333334,2.335349671045939
tcn_lstm_hybrid,test,0.6,2.335081346829732
tcn_lstm_hybrid,test,1.0666666666666669,2.752714043193393
tcn_lstm_hybrid,test,1.0666666666666669,2.8589571158091225
tcn_lstm_hybrid,test,0.8,2.7771205849117697
tcn_lstm_hybrid,test,0.2,3.0520103560553657
tcn_lstm_hybrid,test,0.6,2.908461432986789
tcn_lstm_hybrid,test,0.8,2.9687371571858723
tcn_lstm_hybrid,test,0.8666666666666667,2.9618151505788166
tcn_lstm_hybrid,test,2.1666666666666665,3.1847810003492567
tcn_lstm_hybrid,test,1.1333333333333333,0.5085471686389711
tcn_lstm_hybrid,test,0.2666666666666666,0.45873905652099184
tcn_lstm_hybrid,test,0.2666666666666666,0.42626177238093477
tcn_lstm_hybrid,test,0.0666666666666666,0.28193453285429204
tcn_lstm_hybrid,test,0.3333333333333333,-0.08416848182678233
tcn_lstm_hybrid,test,0.1333333333333333,-0.16959773169623482
tcn_lstm_hybrid,test,1.3333333333333333,-0.4498908413781061
tcn_lstm_hybrid,test,1.1333333333333333,0.003295636177062966
tcn_lstm_hybrid,test,0.5333333333333333,0.40510290066401167
tcn_lstm_hybrid,test,0.4,0.7055155634880066
tcn_lstm_hybrid,test,0.1333333333333333,0.6083057486348683
tcn_lstm_hybrid,test,0.4666666666666667,0.8210649106237624
tcn_lstm_hybrid,test,0.2666666666666666,0.9231932361920676
tcn_lstm_hybrid,test,0.2666666666666666,0.6564240627818638
tcn_lstm_hybrid,test,0.2666666666666666,0.8133712013562522
tcn_lstm_hybrid,test,0.2,1.1412984291712442
tcn_lstm_hybrid,test,0.2666666666666666,1.509312703874376
tcn_lstm_hybrid,test,0.2,1.6996641900804308
tcn_lstm_hybrid,test,0.3333333333333333,1.8336488140953913
tcn_lstm_hybrid,test,0.0,2.0659012953440348
tcn_lstm_hybrid,test,0.2666666666666666,2.1914510832892526
tcn_lstm_hybrid,test,0.2,2.3911067962646486
tcn_lstm_hybrid,test,0.6,2.4436321947309705
tcn_lstm_hybrid,test,2.466666666666667,1.083108941382832
tcn_lstm_hybrid,test,1.2,1.284494929512342
tcn_lstm_hybrid,test,1.2,1.6885557330316967
tcn_lstm_hybrid,test,0.3333333333333333,1.730658374561204
tcn_lstm_hybrid,test,1.0,1.0145401454634138
tcn_lstm_hybrid,test,0.8666666666666667,0.9225187953975467
tcn_lstm_hybrid,test,0.4666666666666667,0.44140081008275356
tcn_lstm_hybrid,test,1.1333333333333333,0.3103112445937265
tcn_lstm_hybrid,test,0.9333333333333332,0.2593981517685786
tcn_lstm_hybrid,test,0.8,0.33118336465623666
tcn_lstm_hybrid,test,1.6,0.5789267394277785
tcn_lstm_hybrid,test,0.2,1.0094660884804199
tcn_lstm_hybrid,test,0.9333333333333332,1.3573566595713298
tcn_lstm_hybrid,test,1.1333333333333333,1.9448783344692655
tcn_lstm_hybrid,test,0.5333333333333333,1.9801468107435438
tcn_lstm_hybrid,test,0.7333333333333333,2.3591437260309855
tcn_lstm_hybrid,test,0.2666666666666666,2.370190191268921
tcn_lstm_hybrid,test,0.6666666666666666,2.4479871696896023
tcn_lstm_hybrid,test,0.8,2.6976451608869767
tcn_lstm_hybrid,test,0.9333333333333332,2.6754237757788766
tcn_lstm_hybrid,test,0.4666666666666667,2.9984381675720218
tcn_lstm_hybrid,test,1.1333333333333333,3.1486918767293295
tcn_lstm_hybrid,test,0.75,3.3116497304704455
tcn_lstm_hybrid,test,11.066666666666666,5.923346991009183
tcn_lstm_hybrid,test,8.866666666666667,6.281138971116807
tcn_lstm_hybrid,test,9.533333333333331,6.418137809965346
tcn_lstm_hybrid,test,9.133333333333333,6.939900387658016
tcn_lstm_hybrid,test,7.333333333333333,6.1241798506842695
tcn_lstm_hybrid,test,8.933333333333334,5.592593590418497
tcn_lstm_hybrid,test,9.533333333333331,5.423290220896403
tcn_lstm_hybrid,test,8.266666666666667,5.729241466522216
tcn_lstm_hybrid,test,10.6,6.222505325741238
tcn_lstm_hybrid,test,8.4,6.830012766520184
tcn_lstm_hybrid,test,7.533333333333333,6.157420402103002
tcn_lstm_hybrid,test,8.133333333333333,5.88545553949144
tcn_lstm_hybrid,test,6.8,5.018230141533746
tcn_lstm_hybrid,test,8.333333333333334,4.612946897082858
tcn_lstm_hybrid,test,9.533333333333331,5.611281082365248
tcn_lstm_hybrid,test,7.466666666666667,7.105703605545893
tcn_lstm_hybrid,test,6.8,7.1147474315431385
tcn_lstm_hybrid,test,6.333333333333333,5.955924685796102
tcn_lstm_hybrid,test,7.733333333333333,4.617098919550578
tcn_lstm_hybrid,test,8.4,6.480283972952101
tcn_lstm_hybrid,test,8.4,8.119814425044591
tcn_lstm_hybrid,test,7.230769230769231,8.684400807486641
tcn_lstm_hybrid,test,7.6,5.242767786979674
tcn_lstm_hybrid,test,6.8,5.982010968526204
tcn_lstm_hybrid,test,6.333333333333333,4.525232797198825
tcn_lstm_hybrid,test,8.2,4.264253849453397
tcn_lstm_hybrid,test,9.266666666666667,4.8193180031246605
tcn_lstm_hybrid,test,9.733333333333333,5.851434405644734
tcn_lstm_hybrid,test,8.733333333333333,6.81257373491923
tcn_lstm_hybrid,test,8.8,6.412922933366563
tcn_lstm_hybrid,test,10.2,6.245120530658298
tcn_lstm_hybrid,test,9.933333333333334,6.53153879907396
tcn_lstm_hybrid,test,9.2,6.974989154603746
tcn_lstm_hybrid,test,9.866666666666667,6.981230364905466
tcn_lstm_hybrid,test,8.666666666666666,6.842863241831461
tcn_lstm_hybrid,test,9.666666666666666,6.317706897523667
tcn_lstm_hybrid,test,8.533333333333333,6.667033576965332
tcn_lstm_hybrid,test,8.666666666666666,6.298978922102185
tcn_lstm_hybrid,test,11.6,6.7032562467787
tcn_lstm_hybrid,test,11.333333333333334,8.018005466461181
tcn_lstm_hybrid,test,12.0,9.05763629277547
tcn_lstm_hybrid,test,11.4,9.87652025487688
tcn_lstm_hybrid,test,4.0,3.188924669888284
tcn_lstm_hybrid,test,5.533333333333333,3.1716762195030843
tcn_lstm_hybrid,test,3.6666666666666665,4.273650460441907
tcn_lstm_hybrid,test,4.333333333333333,3.83046247959137
tcn_lstm_hybrid,test,3.2,3.295374721950954
tcn_lstm_hybrid,test,5.466666666666667,2.2882114489873246
tcn_lstm_hybrid,test,5.466666666666667,3.4224782784779864
tcn_lstm_hybrid,test,4.066666666666666,4.144400519794888
tcn_lstm_hybrid,test,5.333333333333333,4.322411358356476
tcn_lstm_hybrid,test,6.2,4.046763894293043
tcn_lstm_hybrid,test,5.4,4.3851049661636345
tcn_lstm_hybrid,test,5.0,4.946640529897478
tcn_lstm_hybrid,test,3.533333333333333,4.771951170762379
tcn_lstm_hybrid,test,5.0,3.9943781283166677
tcn_lstm_hybrid,test,4.066666666666666,5.1913404173321185
tcn_lstm_hybrid,test,5.066666666666666,6.123355340957641
tcn_lstm_hybrid,test,5.8,6.782747311062283
tcn_lstm_hybrid,test,5.866666666666666,6.2125201808081725
tcn_lstm_hybrid,test,6.066666666666666,6.153545056449041
tcn_lstm_hybrid,test,7.5,5.9650281465715835
tcn_lstm_hybrid,test,4.933333333333334,4.788018863399824
tcn_lstm_hybrid,test,5.2,4.851814523008135
tcn_lstm_hybrid,test,4.4,4.201814540227254
tcn_lstm_hybrid,test,4.666666666666667,3.4728572871949943
tcn_lstm_hybrid,test,6.266666666666667,3.5993957969877464
tcn_lstm_hybrid,test,6.466666666666667,4.642443663544125
tcn_lstm_hybrid,test,4.933333333333334,5.034187304973603
tcn_lstm_hybrid,test,4.333333333333333,4.209832602077061
tcn_lstm_hybrid,test,5.866666666666666,2.98499043252733
tcn_lstm_hybrid,test,6.333333333333333,3.027203443315294
tcn_lstm_hybrid,test,6.466666666666667,4.752914399570888
tcn_lstm_hybrid,test,6.4,6.08080637289418
tcn_lstm_hybrid,test,5.333333333333333,5.475393557548523
tcn_lstm_hybrid,test,7.733333333333333,4.784840170542399
tcn_lstm_hybrid,test,4.133333333333334,5.6473195248179975
tcn_lstm_hybrid,test,5.4,5.258070929845174
tcn_lstm_hybrid,test,5.533333333333333,6.482804045412276
tcn_lstm_hybrid,test,4.4,6.531492413414849
tcn_lstm_hybrid,test,9.666666666666666,6.863984632492066
tcn_lstm_hybrid,test,9.4,6.828397920396592
tcn_lstm_hybrid,test,10.933333333333334,6.735012457105849
tcn_lstm_hybrid,test,13.066666666666666,7.062372207641602
tcn_lstm_hybrid,test,14.2,8.399208672841393
tcn_lstm_hybrid,test,13.866666666666667,9.982861741383871
tcn_lstm_hybrid,test,11.133333333333333,10.716809791988796
tcn_lstm_hybrid,test,12.066666666666666,9.97530991236369
tcn_lstm_hybrid,test,11.2,9.248146555158826
tcn_lstm_hybrid,test,10.4,8.362695662180585
tcn_lstm_hybrid,test,9.533333333333331,8.145322216881643
tcn_lstm_hybrid,test,12.466666666666669,7.310918532477485
tcn_lstm_hybrid,test,9.666666666666666,7.855146217346192
tcn_lstm_hybrid,test,11.666666666666666,7.6400849554273815
tcn_lstm_hybrid,test,11.066666666666666,8.75825049082438
tcn_lstm_hybrid,test,9.666666666666666,7.942604351043702
tcn_lstm_hybrid,test,10.909090909090908,8.074709224700928
tcn_lstm_hybrid,test,5.2,4.617648866441516
tcn_lstm_hybrid,test,7.2,3.845869853761461
tcn_lstm_hybrid,test,5.6,3.698784298366971
tcn_lstm_hybrid,test,5.333333333333333,3.859880208969116
tcn_lstm_hybrid,test,4.666666666666667,4.520626905229356
tcn_lstm_hybrid,test,3.466666666666667,2.9260937690734865
tcn_lstm_hybrid,test,5.933333333333334,2.095939546161228
tcn_lstm_hybrid,test,7.133333333333334,3.3018473201327856
tcn_lstm_hybrid,test,7.6,5.497270063228078
tcn_lstm_hybrid,test,4.533333333333333,6.378716462188297
tcn_lstm_hybrid,test,6.6,4.498158062828911
tcn_lstm_hybrid,test,5.933333333333334,4.264190032747057
tcn_lstm_hybrid,test,6.466666666666667,3.7166672759585913
tcn_lstm_hybrid,test,6.266666666666667,5.980066617329915
tcn_lstm_hybrid,test,5.466666666666667,6.4825872911347275
tcn_lstm_hybrid,test,4.4,6.317765657107035
tcn_lstm_hybrid,test,4.769230769230769,5.956092380152808
tcn_lstm_hybrid,test,1.4,2.604160608185662
tcn_lstm_hybrid,test,1.6,2.3450304243299698
tcn_lstm_hybrid,test,2.333333333333333,1.8942837463484867
tcn_lstm_hybrid,test,2.6,1.8924287574158776
tcn_lstm_hybrid,test,1.4,2.151911343799697
tcn_lstm_hybrid,test,2.2666666666666666,2.0044313735432095
tcn_lstm_hybrid,test,1.3333333333333333,1.917378028564983
tcn_lstm_hybrid,test,2.0,1.8037835011879604
tcn_lstm_hybrid,test,2.466666666666667,2.4019775907198584
tcn_lstm_hybrid,test,1.6,2.381622846921285
tcn_lstm_hybrid,test,2.1333333333333333,2.973708332909478
tcn_lstm_hybrid,test,2.0,3.2410795132319135
tcn_lstm_hybrid,test,1.4,3.382698053783841
tcn_lstm_hybrid,test,2.333333333333333,3.4513553884294295
tcn_lstm_hybrid,test,2.2666666666666666,3.469127530521817
tcn_lstm_hybrid,test,1.6,3.3804829120635986
tcn_lstm_hybrid,test,1.7333333333333334,3.422375146547953
tcn_lstm_hybrid,test,0.3333333333333333,3.1281828800837195
tcn_lstm_hybrid,test,6.133333333333334,3.617639711168078
tcn_lstm_hybrid,test,5.266666666666667,3.226602172851563
tcn_lstm_hybrid,test,6.466666666666667,3.563561942842271
tcn_lstm_hybrid,test,6.466666666666667,4.837293264600966
tcn_lstm_hybrid,test,5.6,4.6256114880243935
tcn_lstm_hybrid,test,6.466666666666667,4.322978387938606
tcn_lstm_hybrid,test,7.533333333333333,4.453435193167792
tcn_lstm_hybrid,test,7.066666666666666,4.9179871400197355
tcn_lstm_hybrid,test,7.733333333333333,5.264289797676934
tcn_lstm_hybrid,test,9.866666666666667,5.483799245622423
tcn_lstm_hybrid,test,9.066666666666666,6.333589686287773
tcn_lstm_hybrid,test,7.733333333333333,6.862872176700167
tcn_lstm_hybrid,test,9.133333333333333,6.483749442630343
tcn_lstm_hybrid,test,9.466666666666669,6.104640224244859
tcn_lstm_hybrid,test,9.6,6.575771437750923
tcn_lstm_hybrid,test,8.266666666666667,7.770573878288269
tcn_lstm_hybrid,test,9.142857142857142,7.210233158535429
